bgcolor,name,value1,value2,value3,value4,hex,r,g,b
fce85f,PANTONE 101,0,0,68,0,#FCE85F,252,232,95
fee500,PANTONE 102,0,0,95,0,#FEE500,254,229,0
d0bc00,PANTONE 103,5,5,100,16,#D0BC00,208,188,0
bba30d,PANTONE 104,7,13,100,28,#BBA30D,187,163,13
998730,PANTONE 105,13,18,88,45,#998730,153,135,48
fce85d,PANTONE 106,0,0,75,0,#FCE85D,252,232,93
fde724,PANTONE 107,0,0,92,0,#FDE724,253,231,36
f9da00,PANTONE 108,0,5,98,0,#F9DA00,249,218,0
f8d500,PANTONE 109,0,9,100,0,#F8D500,248,213,0
dbb216,PANTONE 110,2,22,100,8,#DBB216,219,178,22
b69920,PANTONE 111,8,21,100,28,#B69920,182,153,32
a48c1a,PANTONE 112,10,20,100,40,#A48C1A,164,140,26
fae34e,PANTONE 113,0,2,83,0,#FAE34E,250,227,78
f9de45,PANTONE 114,0,4,87,0,#F9DE45,249,222,69
f8db46,PANTONE 115,0,6,87,0,#F8DB46,248,219,70
f5cb08,PANTONE 116,0,14,100,0,#F5CB08,245,203,8
cda31f,PANTONE 117,6,27,100,12,#CDA31F,205,163,31
b48f1f,PANTONE 118,7,28,100,30,#B48F1F,180,143,31
937f20,PANTONE 119,17,22,100,47,#937F20,147,127,32
f7dd76,PANTONE 120,0,5,64,0,#F7DD76,247,221,118
f6d86f,PANTONE 121,0,8,70,0,#F6D86F,246,216,111
f5d258,PANTONE 122,0,11,80,0,#F5D258,245,210,88
f2c541,PANTONE 123,0,19,89,0,#F2C541,242,197,65
edb220,PANTONE 124,0,30,100,0,#EDB220,237,178,32
bb9121,PANTONE 125,6,32,100,24,#BB9121,187,145,33
a7861d,PANTONE 126,11,31,100,36,#A7861D,167,134,29
fae17b,PANTONE 127,0,4,62,0,#FAE17B,250,225,123
f8d962,PANTONE 128,0,7,75,0,#F8D962,248,217,98
f6d15a,PANTONE 129,0,11,78,0,#F6D15A,246,209,90
edac1a,PANTONE 130,0,32,100,0,#EDAC1A,237,172,26
d0941f,PANTONE 131,2,39,100,10,#D0941F,208,148,31
ab7f20,PANTONE 132,9,38,100,32,#AB7F20,171,127,32
775f1f,PANTONE 133,19,37,100,59,#775F1F,119,95,31
f5d27a,PANTONE 134,0,12,60,0,#F5D27A,245,210,122
f1c15c,PANTONE 135,0,21,76,0,#F1C15C,241,193,92
efb646,PANTONE 136,0,28,87,0,#EFB646,239,182,70
eaa124,PANTONE 137,0,41,100,0,#EAA124,234,161,36
e68c28,PANTONE 138,0,52,100,0,#E68C28,230,140,40
b27827,PANTONE 139,7,49,100,25,#B27827,178,120,39
7d5a25,PANTONE 140,19,49,100,54,#7D5A25,125,90,37
f5cd66,PANTONE 141,0,16,65,0,#F5CD66,245,205,102
f2bf4c,PANTONE 142,0,24,78,0,#F2BF4C,242,191,76
f0b336,PANTONE 143,0,32,87,0,#F0B336,240,179,54
ea961c,PANTONE 144,0,51,100,0,#EA961C,234,150,28
d08921,PANTONE 145,4,53,100,8,#D08921,208,137,33
a97620,PANTONE 146,7,50,100,34,#A97620,169,118,32
786428,PANTONE 147,19,38,90,58,#786428,120,100,40
f4d199,PANTONE 148,0,17,43,0,#F4D199,244,209,153
f2c688,PANTONE 149,0,24,51,0,#F2C688,242,198,136
edaa50,PANTONE 150,0,41,78,0,#EDAA50,237,170,80
e88d21,PANTONE 151,0,60,100,0,#E88D21,232,141,33
e68523,PANTONE 152,0,66,100,0,#E68523,230,133,35
c17723,PANTONE 153,5,64,100,17,#C17723,193,119,35
9d6120,PANTONE 154,8,66,100,41,#9D6120,157,97,32
f5d7a5,PANTONE 155,0,12,34,0,#F5D7A5,245,215,165
f1c382,PANTONE 156,0,23,49,0,#F1C382,241,195,130
eba344,PANTONE 157,0,42,74,0,#EBA344,235,163,68
e47e1a,PANTONE 158,0,62,95,0,#E47E1A,228,126,26
d0651e,PANTONE 159,1,72,100,7,#D0651E,208,101,30
ab5a20,PANTONE 160,6,71,100,31,#AB5A20,171,90,32
66401d,PANTONE 161,16,67,100,71,#66401D,102,64,29
f0c4a0,PANTONE 162,0,25,35,0,#F0C4A0,240,196,160
eba677,PANTONE 163,0,44,52,0,#EBA677,235,166,119
e68a48,PANTONE 164,0,59,80,0,#E68A48,230,138,72
e37828,PANTONE 165,0,70,100,0,#E37828,227,120,40
e06c2a,PANTONE 166,0,76,100,0,#E06C2A,224,108,42
bb5d29,PANTONE 167,5,77,100,15,#BB5D29,187,93,41
6f3b20,PANTONE 168,12,80,100,60,#6F3B20,111,59,32
eebca8,PANTONE 169,0,30,26,0,#EEBCA8,238,188,168
e89c77,PANTONE 170,0,48,50,0,#E89C77,232,156,119
e4834e,PANTONE 171,0,61,72,0,#E4834E,228,131,78
e06e37,PANTONE 172,0,73,87,0,#E06E37,224,110,55
d7572b,PANTONE 173,0,82,94,2,#D7572B,215,87,43
9c4124,PANTONE 174,8,86,100,36,#9C4124,156,65,36
77402e,PANTONE 175,18,79,78,56,#77402E,119,64,46
edb9b4,PANTONE 176,0,35,18,0,#EDB9B4,237,185,180
e7948a,PANTONE 177,0,54,38,0,#E7948A,231,148,138
e27865,PANTONE 178,0,70,58,0,#E27865,226,120,101
dd5143,PANTONE 179,0,87,85,0,#DD5143,221,81,67
c1433c,PANTONE 180,3,91,86,12,#C1433C,193,67,60
80352f,PANTONE 181,21,93,88,50,#80352F,128,53,47
ecbec5,PANTONE 182,0,31,8,0,#ECBEC5,236,190,197
e79ca6,PANTONE 183,0,49,17,0,#E79CA6,231,156,166
df6b7c,PANTONE 184,0,73,32,0,#DF6B7C,223,107,124
d93740,PANTONE 185,0,93,79,0,#D93740,217,55,64
c92a39,PANTONE 186,2,100,85,6,#C92A39,201,42,57
ac2b37,PANTONE 187,7,100,82,26,#AC2B37,172,43,55
7d2935,PANTONE 188,16,100,65,58,#7D2935,125,41,53
ebb3bc,PANTONE 189,0,39,10,0,#EBB3BC,235,179,188
e58f9e,PANTONE 190,0,56,18,0,#E58F9E,229,143,158
de6276,PANTONE 191,0,79,36,0,#DE6276,222,98,118
db3b50,PANTONE 192,0,94,64,0,#DB3B50,219,59,80
c32e4c,PANTONE 193,2,99,62,11,#C32E4C,195,46,76
9d2945,PANTONE 194,8,100,55,37,#9D2945,157,41,69
7e3545,PANTONE 195,19,90,50,55,#7E3545,126,53,69
efcad0,PANTONE 196,0,23,6,0,#EFCAD0,239,202,208
e8a1b0,PANTONE 197,0,46,12,0,#E8A1B0,232,161,176
dc5672,PANTONE 198,0,82,37,0,#DC5672,220,86,114
d82949,PANTONE 199,0,100,72,0,#D82949,216,41,73
a12a3d,PANTONE 201,7,100,68,32,#A12A3D,161,42,61
8d2838,PANTONE 202,9,100,64,48,#8D2838,141,40,56
eab3c9,PANTONE 203,0,37,2,0,#EAB3C9,234,179,201
e387aa,PANTONE 204,0,59,5,0,#E387AA,227,135,170
dd5484,PANTONE 205,0,83,16,0,#DD5484,221,84,132
d82455,PANTONE 206,0,100,50,0,#D82455,216,36,85
b0244a,PANTONE 207,5,100,48,22,#B0244A,176,36,74
8c2345,PANTONE 208,15,100,37,45,#8C2345,140,35,69
77253c,PANTONE 209,20,97,40,58,#77253C,119,37,60
e9abc2,PANTONE 210,0,45,4,0,#E9ABC2,233,171,194
e58bad,PANTONE 211,0,61,6,0,#E58BAD,229,139,173
df6797,PANTONE 212,0,78,8,0,#DF6797,223,103,151
db3e79,PANTONE 213,0,92,18,0,#DB3E79,219,62,121
cf2366,PANTONE 214,0,100,24,4,#CF2366,207,35,102
aa2157,PANTONE 215,6,100,26,24,#AA2157,170,33,87
802447,PANTONE 216,13,96,26,52,#802447,128,36,71
e8bad2,PANTONE 217,1,32,0,0,#E8BAD2,232,186,210
dd81af,PANTONE 218,2,63,0,0,#DD81AF,221,129,175
d73786,PANTONE 219,1,92,4,0,#D73786,215,55,134
ae2359,PANTONE 220,5,100,25,24,#AE2359,174,35,89
9c2452,PANTONE 221,9,100,26,38,#9C2452,156,36,82
732444,PANTONE 222,20,100,22,61,#732444,115,36,68
e39ec1,PANTONE 223,1,50,0,0,#E39EC1,227,158,193
d977a9,PANTONE 224,3,70,0,0,#D977A9,217,119,169
d3468f,PANTONE 225,4,88,0,0,#D3468F,211,70,143
d70c7a,PANTONE 226,0,100,2,0,#D70C7A,215,12,122
af1c63,PANTONE 227,7,100,10,21,#AF1C63,175,28,99
8f2054,PANTONE 228,16,100,14,42,#8F2054,143,32,84
6d2244,PANTONE 229,26,100,19,61,#6D2244,109,34,68
e6aecb,PANTONE 230,1,41,0,0,#E6AECB,230,174,203
dc8ab6,PANTONE 231,3,60,0,0,#DC8AB6,220,138,182
d576aa,PANTONE 232,6,70,0,0,#D576AA,213,118,170
c3167c,PANTONE 233,12,100,0,0,#C3167C,195,22,124
a41a67,PANTONE 234,18,100,6,18,#A41A67,164,26,103
8b1e56,PANTONE 235,20,100,11,41,#8B1E56,139,30,86
e4b6d2,PANTONE 236,3,37,0,0,#E4B6D2,228,182,210
da93bd,PANTONE 237,6,53,0,0,#DA93BD,218,147,189
cc6ca6,PANTONE 238,12,74,0,0,#CC6CA6,204,108,166
c55a9d,PANTONE 239,16,82,0,0,#C55A9D,197,90,157
bf4994,PANTONE 240,20,89,0,0,#BF4994,191,73,148
ac2b81,PANTONE 241,30,100,2,2,#AC2B81,172,43,129
81255c,PANTONE 242,32,100,11,41,#81255C,129,37,92
e3bbd4,PANTONE 243,4,32,0,0,#E3BBD4,227,187,212
d7a2c6,PANTONE 244,9,45,0,0,#D7A2C6,215,162,198
c987b5,PANTONE 245,16,56,0,0,#C987B5,201,135,181
b04590,PANTONE 246,31,88,0,0,#B04590,176,69,144
ab3388,PANTONE 247,35,95,0,0,#AB3388,171,51,136
a12d86,PANTONE 248,42,100,0,0,#A12D86,161,45,134
85326b,PANTONE 249,42,95,10,31,#85326B,133,50,107
e0c2d9,PANTONE 250,7,28,0,0,#E0C2D9,224,194,217
cca5c9,PANTONE 251,17,43,0,0,#CCA5C9,204,165,201
b876ac,PANTONE 252,27,67,0,0,#B876AC,184,118,172
9e3a8a,PANTONE 253,42,91,0,0,#9E3A8A,158,58,138
942d83,PANTONE 254,48,96,0,0,#942D83,148,45,131
762d6a,PANTONE 255,53,96,10,24,#762D6A,118,45,106
dcc8dd,PANTONE 256,9,22,0,0,#DCC8DD,220,200,221
c9accd,PANTONE 257,18,36,0,0,#C9ACCD,201,172,205
92579b,PANTONE 258,51,79,0,0,#92579B,146,87,155
7a327e,PANTONE 259,67,100,4,5,#7A327E,122,50,126
6b2f6b,PANTONE 260,66,100,8,27,#6B2F6B,107,47,107
62295c,PANTONE 261,62,100,9,44,#62295C,98,41,92
5c2d54,PANTONE 262,58,92,12,54,#5C2D54,92,45,84
dbcee3,PANTONE 263,10,17,0,0,#DBCEE3,219,206,227
bba5cc,PANTONE 264,26,37,0,0,#BBA5CC,187,165,204
8d6cab,PANTONE 265,52,66,0,0,#8D6CAB,141,108,171
6a4593,PANTONE 266,76,90,0,0,#6A4593,106,69,147
61398b,PANTONE 267,82,97,0,0,#61398B,97,57,139
59317c,PANTONE 268,82,98,0,12,#59317C,89,49,124
522d6a,PANTONE 269,80,98,5,27,#522D6A,82,45,106
b5b7d7,PANTONE 270,29,25,0,0,#B5B7D7,181,183,215
9093c4,PANTONE 271,49,44,0,0,#9093C4,144,147,196
7a79b3,PANTONE 272,61,56,0,0,#7A79B3,122,121,179
343175,PANTONE 273,100,100,0,22,#343175,52,49,117
302d63,PANTONE 274,100,100,7,38,#302D63,48,45,99
2c2855,PANTONE 275,100,100,7,56,#2C2855,44,40,85
28223c,PANTONE 276,100,100,10,79,#28223C,40,34,60
a9c7e5,PANTONE 277,35,9,0,0,#A9C7E5,169,199,229
91b7de,PANTONE 278,45,14,0,0,#91B7DE,145,183,222
5c8dc6,PANTONE 279,68,34,0,0,#5C8DC6,92,141,198
223a76,PANTONE 280,100,85,5,22,#223A76,34,58,118
23356b,PANTONE 281,100,85,5,36,#23356B,35,53,107
252849,PANTONE 282,100,90,13,68,#252849,37,40,73
98c3e5,PANTONE 283,42,9,0,0,#98C3E5,152,195,229
75acda,PANTONE 284,59,17,0,0,#75ACDA,117,172,218
2b74b7,PANTONE 285,90,48,0,0,#2B74B7,43,116,183
24509a,PANTONE 286,100,75,0,0,#24509A,36,80,154
1a4784,PANTONE 287,100,75,2,18,#1A4784,26,71,132
223d72,PANTONE 288,100,80,6,32,#223D72,34,61,114
21304e,PANTONE 289,100,76,12,70,#21304E,33,48,78
c0e1ed,PANTONE 290,23,0,1,0,#C0E1ED,192,225,237
a1cdeb,PANTONE 291,38,4,0,0,#A1CDEB,161,205,235
6eb1de,PANTONE 292,59,11,0,0,#6EB1DE,110,177,222
1b5196,PANTONE 293,100,69,0,4,#1B5196,27,81,150
1b4677,PANTONE 294,100,69,7,30,#1B4677,27,70,119
1f3a60,PANTONE 295,100,69,8,54,#1F3A60,31,58,96
242935,PANTONE 296,100,73,28,86,#242935,36,41,53
7ccbea,PANTONE 297,52,0,1,0,#7CCBEA,124,203,234
51bae8,PANTONE 298,67,2,0,0,#51BAE8,81,186,232
00a0dc,PANTONE 299,86,8,0,0,#00A0DC,0,160,220
005b95,PANTONE 301,100,53,4,19,#005B95,0,91,149
00496a,PANTONE 302,100,48,12,58,#00496A,0,73,106
0e3747,PANTONE 303,100,47,22,82,#0E3747,14,55,71
a6d6de,PANTONE 304,34,0,6,0,#A6D6DE,166,214,222
73c6dc,PANTONE 305,54,0,6,0,#73C6DC,115,198,220
00b3db,PANTONE 306,75,0,5,0,#00B3DB,0,179,219
0076ae,PANTONE 307,100,22,2,18,#0076AE,0,118,174
006287,PANTONE 308,100,18,8,50,#006287,0,98,135
004252,PANTONE 309,99,27,22,80,#004252,0,66,82
89ccda,PANTONE 310,48,0,9,0,#89CCDA,137,204,218
4fbbd1,PANTONE 311,68,0,13,0,#4FBBD1,79,187,209
00a8d0,PANTONE 312,88,0,11,0,#00A8D0,0,168,208
0098c7,PANTONE 313,100,0,11,2,#0098C7,0,152,199
0084ac,PANTONE 314,100,5,14,17,#0084AC,0,132,172
006a85,PANTONE 315,100,12,21,44,#006A85,0,106,133
004d58,PANTONE 316,97,21,33,73,#004D58,0,77,88
c4e1de,PANTONE 317,23,0,10,0,#C4E1DE,196,225,222
a1d3d3,PANTONE 318,40,0,14,0,#A1D3D3,161,211,211
6fc1c2,PANTONE 319,59,0,22,0,#6FC1C2,111,193,194
00a1aa,PANTONE 320,96,0,31,2,#00A1AA,0,161,170
009296,PANTONE 321,96,3,35,12,#009296,0,146,150
007a7b,PANTONE 322,97,9,39,34,#007A7B,0,122,123
006160,PANTONE 323,96,16,42,57,#006160,0,97,96
b1d8d5,PANTONE 324,35,0,14,0,#B1D8D5,177,216,213
88c9c4,PANTONE 325,53,0,23,0,#88C9C4,136,201,196
2fb2ab,PANTONE 326,81,0,39,0,#2FB2AB,47,178,171
00907d,PANTONE 327,100,2,60,14,#00907D,0,144,125
007568,PANTONE 328,100,10,61,38,#007568,0,117,104
006a5f,PANTONE 329,100,14,60,49,#006A5F,0,106,95
265c50,PANTONE 330,90,21,60,65,#265C50,38,92,80
bdddd2,PANTONE 331,27,0,15,0,#BDDDD2,189,221,210
b1d8cc,PANTONE 332,33,0,18,0,#B1D8CC,177,216,204
8ac9b9,PANTONE 333,49,0,28,0,#8AC9B9,138,201,185
009a6e,PANTONE 334,99,0,70,0,#009A6E,0,154,110
00805e,PANTONE 335,97,6,69,19,#00805E,0,128,94
00694e,PANTONE 336,95,11,70,44,#00694E,0,105,78
a8d3c6,PANTONE 337,39,0,22,0,#A8D3C6,168,211,198
8fc9b8,PANTONE 338,50,0,31,0,#8FC9B8,143,201,184
1dac8a,PANTONE 339,84,0,59,0,#1DAC8A,29,172,138
009e69,PANTONE 340,99,0,84,0,#009E69,0,158,105
00845b,PANTONE 341,95,5,82,24,#00845B,0,132,91
007055,PANTONE 342,93,10,75,43,#007055,0,112,85
285e48,PANTONE 343,89,19,72,60,#285E48,40,94,72
b4d8ba,PANTONE 344,32,0,30,0,#B4D8BA,180,216,186
a0cfa8,PANTONE 345,43,0,41,0,#A0CFA8,160,207,168
87c597,PANTONE 346,53,0,51,0,#87C597,135,197,151
00a351,PANTONE 347,93,0,100,0,#00A351,0,163,81
008f4c,PANTONE 348,96,2,100,12,#008F4C,0,143,76
1e7040,PANTONE 349,90,12,95,40,#1E7040,30,112,64
32553b,PANTONE 350,80,21,79,64,#32553B,50,85,59
bedbbf,PANTONE 351,27,0,23,0,#BEDBBF,190,219,191
acd3b1,PANTONE 352,37,0,31,0,#ACD3B1,172,211,177
a3cfab,PANTONE 353,41,0,36,0,#A3CFAB,163,207,171
3daa4b,PANTONE 354,81,0,92,0,#3DAA4B,61,170,75
00a144,PANTONE 355,91,0,100,0,#00A144,0,161,68
008139,PANTONE 356,91,4,100,25,#008139,0,129,57
1c5630,PANTONE 357,92,18,94,61,#1C5630,28,86,48
b4d4a2,PANTONE 358,34,0,42,0,#B4D4A2,180,212,162
aad095,PANTONE 359,40,0,50,0,#AAD095,170,208,149
7cbb5a,PANTONE 360,63,0,84,0,#7CBB5A,124,187,90
56af40,PANTONE 361,77,0,100,0,#56AF40,86,175,64
4ea93f,PANTONE 362,78,0,100,2,#4EA93F,78,169,63
4f9237,PANTONE 363,76,3,100,18,#4F9237,79,146,55
4c782d,PANTONE 364,71,4,100,45,#4C782D,76,120,45
cadc9d,PANTONE 365,24,0,44,0,#CADC9D,202,220,157
bdd68d,PANTONE 366,31,0,51,0,#BDD68D,189,214,141
abcc6d,PANTONE 367,41,0,68,0,#ABCC6D,171,204,109
7cb82f,PANTONE 368,65,0,100,0,#7CB82F,124,184,47
72b431,PANTONE 369,68,0,100,0,#72B431,114,180,49
6a9529,PANTONE 370,62,1,100,25,#6A9529,106,149,41
586520,PANTONE 371,50,9,98,61,#586520,88,101,32
d9e29d,PANTONE 372,16,0,41,0,#D9E29D,217,226,157
d1dd8d,PANTONE 373,21,0,48,0,#D1DD8D,209,221,141
c3d468,PANTONE 374,30,0,64,0,#C3D468,195,212,104
a9c833,PANTONE 375,46,0,90,0,#A9C833,169,200,51
98c11d,PANTONE 376,54,0,100,0,#98C11D,152,193,29
88a620,PANTONE 377,50,1,100,20,#88A620,136,166,32
5d6821,PANTONE 378,47,11,99,64,#5D6821,93,104,33
e0e17a,PANTONE 379,13,0,61,0,#E0E17A,224,225,122
d7db54,PANTONE 380,18,0,82,0,#D7DB54,215,219,84
cbd421,PANTONE 381,25,0,98,0,#CBD421,203,212,33
c6d219,PANTONE 382,28,0,100,0,#C6D219,198,210,25
a7b019,PANTONE 383,29,1,100,18,#A7B019,167,176,25
979916,PANTONE 384,26,4,99,35,#979916,151,153,22
7e7721,PANTONE 385,24,14,94,55,#7E7721,126,119,33
e7e36d,PANTONE 386,9,0,66,0,#E7E36D,231,227,109
e1de50,PANTONE 387,12,0,80,0,#E1DE50,225,222,80
dbdc4f,PANTONE 388,15,0,80,0,#DBDC4F,219,220,79
cfd641,PANTONE 389,21,0,85,0,#CFD641,207,214,65
bcc600,PANTONE 390,27,0,100,3,#BCC600,188,198,0
9b9912,PANTONE 391,23,5,100,33,#9B9912,155,153,18
868118,PANTONE 392,24,11,100,48,#868118,134,129,24
ece683,PANTONE 393,6,0,55,0,#ECE683,236,230,131
ede461,PANTONE 394,6,0,72,0,#EDE461,237,228,97
e8df2f,PANTONE 395,9,0,90,0,#E8DF2F,232,223,47
e6dd01,PANTONE 396,10,0,95,0,#E6DD01,230,221,1
c0b900,PANTONE 397,14,2,100,15,#C0B900,192,185,0
b3a700,PANTONE 398,14,6,100,24,#B3A700,179,167,0
a09407,PANTONE 399,16,9,100,36,#A09407,160,148,7
ada89f,PANTONE 401,10,11,17,27,#ADA89F,173,168,159
9c958c,PANTONE 402,13,16,21,36,#9C958C,156,149,140
888178,PANTONE 403,18,21,27,47,#888178,136,129,120
746d65,PANTONE 404,20,25,30,59,#746D65,116,109,101
625b54,PANTONE 405,26,31,35,72,#625B54,98,91,84
cbc4bd,PANTONE 406,5,8,10,16,#CBC4BD,203,196,189
b3aaa4,PANTONE 407,9,14,13,28,#B3AAA4,179,170,164
9f938c,PANTONE 408,12,19,19,40,#9F938C,159,147,140
8b807a,PANTONE 409,17,25,22,51,#8B807A,139,128,122
7a6d68,PANTONE 410,22,33,28,60,#7A6D68,122,109,104
5e534e,PANTONE 411,30,42,34,75,#5E534E,94,83,78
3a3431,PANTONE 412,52,59,45,90,#3A3431,58,52,49
c7c6bb,PANTONE 413,9,5,12,14,#C7C6BB,199,198,187
afafa3,PANTONE 414,13,8,17,26,#AFAFA3,175,175,163
929388,PANTONE 415,22,14,23,38,#929388,146,147,136
7b7d72,PANTONE 416,28,18,29,51,#7B7D72,123,125,114
63655a,PANTONE 417,33,23,35,63,#63655A,99,101,90
55574c,PANTONE 418,38,26,40,72,#55574C,85,87,76
242721,PANTONE 419,86,70,69,95,#242721,36,39,33
d5d4d0,PANTONE 420,6,4,7,13,#D5D4D0,213,212,208
b8b9b7,PANTONE 421,13,8,11,26,#B8B9B7,184,185,183
a5a7a8,PANTONE 422,19,12,13,34,#A5A7A8,165,167,168
939694,PANTONE 423,22,14,18,45,#939694,147,150,148
787b7e,PANTONE 424,30,20,19,58,#787B7E,120,123,126
4f575c,PANTONE 425,48,29,26,76,#4F575C,79,87,92
25282b,PANTONE 426,94,77,53,94,#25282B,37,40,43
d8dad9,PANTONE 427,7,3,5,8,#D8DAD9,216,218,217
c9ced1,PANTONE 428,10,4,4,14,#C9CED1,201,206,209
a9b0b7,PANTONE 429,21,11,9,23,#A9B0B7,169,176,183
858f98,PANTONE 430,33,18,13,40,#858F98,133,143,152
5d6a76,PANTONE 431,45,25,16,59,#5D6A76,93,106,118
3c4652,PANTONE 432,65,43,26,78,#3C4652,60,70,82
282e36,PANTONE 433,90,68,41,90,#282E36,40,46,54
d2c9c8,PANTONE 434,5,11,8,12,#D2C9C8,210,201,200
c1b7bb,PANTONE 435,9,16,8,19,#C1B7BB,193,183,187
b0a2aa,PANTONE 436,12,24,9,28,#B0A2AA,176,162,170
7e6e76,PANTONE 437,21,40,18,56,#7E6E76,126,110,118
554848,PANTONE 438,42,56,47,77,#554848,85,72,72
474041,PANTONE 439,53,61,47,83,#474041,71,64,65
3d3836,PANTONE 440,63,62,59,88,#3D3836,61,56,54
bfcdc8,PANTONE 441,22,4,15,8,#BFCDC8,191,205,200
acb7b2,PANTONE 442,25,7,19,20,#ACB7B2,172,183,178
98a3a5,PANTONE 443,33,12,18,30,#98A3A5,152,163,165
768687,PANTONE 444,45,16,25,50,#768687,118,134,135
555f60,PANTONE 445,52,23,30,74,#555F60,85,95,96
4c5351,PANTONE 446,54,27,36,82,#4C5351,76,83,81
444642,PANTONE 447,50,30,40,90,#444642,68,70,66
4e4328,PANTONE 448,33,43,80,82,#4E4328,78,67,40
594d30,PANTONE 449,31,38,75,76,#594D30,89,77,48
5c4e28,PANTONE 450,32,39,87,74,#5C4E28,92,78,40
a59d6d,PANTONE 451,21,15,54,31,#A59D6D,165,157,109
b3ab7f,PANTONE 452,16,11,45,25,#B3AB7F,179,171,127
c8c09a,PANTONE 453,11,7,35,15,#C8C09A,200,192,154
d1cdaa,PANTONE 454,11,5,29,8,#D1CDAA,209,205,170
6d5d2b,PANTONE 455,23,38,89,70,#6D5D2B,109,93,43
a48d1c,PANTONE 456,10,23,100,43,#A48D1C,164,141,28
b4981d,PANTONE 457,9,24,100,32,#B4981D,180,152,29
e0d160,PANTONE 458,5,4,73,7,#E0D160,224,209,96
e4d777,PANTONE 459,5,3,64,4,#E4D777,228,215,119
eddf8c,PANTONE 460,2,2,55,3,#EDDF8C,237,223,140
efe49e,PANTONE 461,2,1,45,2,#EFE49E,239,228,158
644f33,PANTONE 462,28,48,71,73,#644F33,100,79,51
7f5621,PANTONE 463,14,54,95,62,#7F5621,127,86,33
916224,PANTONE 464,11,53,94,53,#916224,145,98,36
bb9959,PANTONE 465,9,29,66,24,#BB9959,187,153,89
c9ac7a,PANTONE 466,8,23,52,15,#C9AC7A,201,172,122
d4bf93,PANTONE 467,6,15,41,10,#D4BF93,212,191,147
decb99,PANTONE 468,6,13,41,4,#DECB99,222,203,153
653e25,PANTONE 469,24,79,100,73,#653E25,101,62,37
a7632c,PANTONE 470,7,70,99,38,#A7632C,167,99,44
ba6a2f,PANTONE 471,5,71,100,23,#BA6A2F,186,106,47
e6a673,PANTONE 472,1,46,63,1,#E6A673,230,166,115
f0bf9b,PANTONE 473,0,32,42,0,#F0BF9B,240,191,155
f2c9a7,PANTONE 474,0,25,36,0,#F2C9A7,242,201,167
f3d0b2,PANTONE 475,0,21,30,0,#F3D0B2,243,208,178
543c2e,PANTONE 476,30,71,75,81,#543C2E,84,60,46
694434,PANTONE 477,23,75,78,69,#694434,105,68,52
774733,PANTONE 478,19,79,84,61,#774733,119,71,51
ad856d,PANTONE 479,14,48,53,26,#AD856D,173,133,109
c8ab99,PANTONE 480,8,29,32,13,#C8AB99,200,171,153
d1b8a6,PANTONE 481,5,23,27,10,#D1B8A6,209,184,166
dbc6b7,PANTONE 482,4,17,21,7,#DBC6B7,219,198,183
653b2e,PANTONE 483,21,80,81,69,#653B2E,101,59,46
a33e2e,PANTONE 484,8,92,100,33,#A33E2E,163,62,46
dc4234,PANTONE 485,0,95,100,0,#DC4234,220,66,52
e8957c,PANTONE 486,0,55,50,0,#E8957C,232,149,124
ecaa90,PANTONE 487,0,43,40,0,#ECAA90,236,170,144
f0c0ac,PANTONE 488,0,31,26,0,#F0C0AC,240,192,172
f3d0ba,PANTONE 489,0,20,21,0,#F3D0BA,243,208,186
603228,PANTONE 490,26,85,85,72,#603228,96,50,40
7e3d3c,PANTONE 491,18,85,65,55,#7E3D3C,126,61,60
8e4344,PANTONE 492,11,85,60,48,#8E4344,142,67,68
da8ea0,PANTONE 493,2,57,17,3,#DA8EA0,218,142,160
e9a5b7,PANTONE 494,0,47,10,0,#E9A5B7,233,165,183
edbfcb,PANTONE 495,0,32,6,0,#EDBFCB,237,191,203
efc6d0,PANTONE 496,0,27,5,0,#EFC6D0,239,198,208
54342c,PANTONE 497,30,73,74,78,#54342C,84,52,44
6a3932,PANTONE 498,23,78,77,65,#6A3932,106,57,50
7b4744,PANTONE 499,21,73,58,56,#7B4744,123,71,68
dca8b2,PANTONE 501,1,39,11,5,#DCA8B2,220,168,178
ebc3c6,PANTONE 502,0,26,9,1,#EBC3C6,235,195,198
edcdd1,PANTONE 503,0,20,6,1,#EDCDD1,237,205,209
5d353b,PANTONE 504,29,82,44,73,#5D353B,93,53,59
6f3b42,PANTONE 505,19,82,44,65,#6F3B42,111,59,66
7d404e,PANTONE 506,19,86,38,57,#7D404E,125,64,78
d497b0,PANTONE 507,4,51,7,6,#D497B0,212,151,176
e3afc4,PANTONE 508,1,41,4,2,#E3AFC4,227,175,196
eabbce,PANTONE 509,1,36,3,0,#EABBCE,234,187,206
efc6d3,PANTONE 510,0,30,3,0,#EFC6D3,239,198,211
622a52,PANTONE 511,50,99,9,59,#622A52,98,42,82
85367b,PANTONE 512,53,99,3,18,#85367B,133,54,123
983b90,PANTONE 513,53,99,0,0,#983B90,152,59,144
cd95c0,PANTONE 514,16,55,0,0,#CD95C0,205,149,192
dcadcd,PANTONE 515,8,42,0,0,#DCADCD,220,173,205
e5c0d7,PANTONE 516,4,31,0,0,#E5C0D7,229,192,215
eac9dc,PANTONE 517,2,25,0,0,#EAC9DC,234,201,220
4f2f44,PANTONE 518,55,86,20,63,#4F2F44,79,47,68
5e2d5d,PANTONE 519,65,95,9,40,#5E2D5D,94,45,93
6a3274,PANTONE 520,67,95,4,16,#6A3274,106,50,116
ab84b6,PANTONE 521,34,56,0,0,#AB84B6,171,132,182
bea0c7,PANTONE 522,24,44,0,0,#BEA0C7,190,160,199
ceb6d4,PANTONE 523,16,33,0,0,#CEB6D4,206,182,212
dbc7dd,PANTONE 524,10,23,0,0,#DBC7DD,219,199,221
572a5d,PANTONE 525,69,100,4,45,#572A5D,87,42,93
743a8d,PANTONE 526,73,100,0,0,#743A8D,116,58,141
7b3f92,PANTONE 527,69,99,0,0,#7B3F92,123,63,146
ae8cbd,PANTONE 528,35,58,0,0,#AE8CBD,174,140,189
c0a2ca,PANTONE 529,23,45,0,0,#C0A2CA,192,162,202
d1b8d5,PANTONE 530,15,33,0,0,#D1B8D5,209,184,213
ddc7dd,PANTONE 531,9,24,0,0,#DDC7DD,221,199,221
282932,PANTONE 532,88,76,30,82,#282932,40,41,50
263147,PANTONE 533,95,72,15,67,#263147,38,49,71
2c4068,PANTONE 534,95,74,7,44,#2C4068,44,64,104
90a2bf,PANTONE 535,43,25,3,8,#90A2BF,144,162,191
a3b3cb,PANTONE 536,34,17,2,7,#A3B3CB,163,179,203
c1cfdd,PANTONE 537,21,7,2,3,#C1CFDD,193,207,221
cfd9e3,PANTONE 538,14,4,1,3,#CFD9E3,207,217,227
1d2e43,PANTONE 539,100,65,22,80,#1D2E43,29,46,67
163d5c,PANTONE 540,100,57,12,66,#163D5C,22,61,92
154b75,PANTONE 541,100,58,9,46,#154B75,21,75,117
70a7d0,PANTONE 542,60,19,1,4,#70A7D0,112,167,208
a7c6e4,PANTONE 543,37,9,0,1,#A7C6E4,167,198,228
bdd6e7,PANTONE 544,27,4,1,1,#BDD6E7,189,214,231
c9dfee,PANTONE 545,21,2,0,1,#C9DFEE,201,223,238
112e3a,PANTONE 546,100,41,35,87,#112E3A,17,46,58
053745,PANTONE 547,100,35,32,82,#053745,5,55,69
004455,PANTONE 548,100,21,28,76,#004455,0,68,85
619eb7,PANTONE 549,56,8,9,21,#619EB7,97,158,183
8cb6ca,PANTONE 550,42,7,8,8,#8CB6CA,140,182,202
9cc3d1,PANTONE 551,35,3,8,7,#9CC3D1,156,195,209
bfd5dd,PANTONE 552,24,3,7,2,#BFD5DD,191,213,221
325040,PANTONE 553,82,30,65,76,#325040,50,80,64
336447,PANTONE 554,84,22,77,60,#336447,51,100,71
3a7050,PANTONE 555,80,17,76,51,#3A7050,58,112,80
79a78d,PANTONE 556,54,8,47,14,#79A78D,121,167,141
8cb4a1,PANTONE 557,44,4,37,10,#8CB4A1,140,180,161
a3c4b6,PANTONE 558,36,3,28,4,#A3C4B6,163,196,182
b2cec0,PANTONE 559,29,2,24,3,#B2CEC0,178,206,192
2a4538,PANTONE 560,79,30,63,80,#2A4538,42,69,56
236151,PANTONE 561,84,20,58,54,#236151,35,97,81
167565,PANTONE 562,85,12,53,36,#167565,22,117,101
79bbab,PANTONE 563,54,0,29,2,#79BBAB,121,187,171
96c9bc,PANTONE 564,43,0,23,0,#96C9BC,150,201,188
b4d6cb,PANTONE 565,30,0,18,0,#B4D6CB,180,214,203
d2e3d7,PANTONE 566,17,0,12,0,#D2E3D7,210,227,215
214c3d,PANTONE 567,88,33,69,72,#214C3D,33,76,61
06715c,PANTONE 568,90,14,62,43,#06715C,6,113,92
008f75,PANTONE 569,90,9,60,15,#008F75,0,143,117
82c6b0,PANTONE 570,57,0,36,0,#82C6B0,130,198,176
a6d3c1,PANTONE 571,40,0,25,0,#A6D3C1,166,211,193
beddce,PANTONE 572,27,0,18,0,#BEDDCE,190,221,206
cae2d6,PANTONE 573,20,0,14,0,#CAE2D6,202,226,214
4c5828,PANTONE 574,56,22,98,72,#4C5828,76,88,40
658237,PANTONE 575,55,9,95,45,#658237,101,130,55
779b3d,PANTONE 576,54,5,94,24,#779B3D,119,155,61
b3cc84,PANTONE 577,35,2,58,0,#B3CC84,179,204,132
c2d89a,PANTONE 578,27,0,48,0,#C2D89A,194,216,154
c7daa0,PANTONE 579,24,0,43,0,#C7DAA0,199,218,160
cddead,PANTONE 580,20,0,36,0,#CDDEAD,205,222,173
655f1c,PANTONE 581,25,19,100,70,#655F1C,101,95,28
93921b,PANTONE 582,25,9,100,39,#93921B,147,146,27
b7be16,PANTONE 583,26,1,100,10,#B7BE16,183,190,22
d0d741,PANTONE 584,21,0,89,0,#D0D741,208,215,65
dddf73,PANTONE 585,14,0,68,0,#DDDF73,221,223,115
e3e385,PANTONE 586,10,0,59,0,#E3E385,227,227,133
e4e597,PANTONE 587,9,0,50,0,#E4E597,228,229,151
f3edaa,PANTONE 600,2,0,39,0,#F3EDAA,243,237,170
efea9b,PANTONE 601,4,0,47,0,#EFEA9B,239,234,155
ede88a,PANTONE 602,5,0,55,0,#EDE88A,237,232,138
ede457,PANTONE 603,6,0,82,0,#EDE457,237,228,87
efe32a,PANTONE 604,5,0,94,0,#EFE32A,239,227,42
e6cf00,PANTONE 605,0,2,100,9,#E6CF00,230,207,0
d9be00,PANTONE 606,0,6,100,16,#D9BE00,217,190,0
f1ecab,PANTONE 607,3,0,34,0,#F1ECAB,241,236,171
eee895,PANTONE 608,5,0,45,0,#EEE895,238,232,149
e9e37b,PANTONE 609,6,0,55,1,#E9E37B,233,227,123
e4d955,PANTONE 610,8,1,74,2,#E4D955,228,217,85
d8cc2d,PANTONE 611,7,1,89,10,#D8CC2D,216,204,45
bca705,PANTONE 613,8,11,100,28,#BCA705,188,167,5
e7e2b1,PANTONE 614,6,2,32,1,#E7E2B1,231,226,177
dfd99f,PANTONE 615,8,3,41,3,#DFD99F,223,217,159
d7ce8c,PANTONE 616,10,5,49,6,#D7CE8C,215,206,140
cdc26c,PANTONE 617,11,6,64,13,#CDC26C,205,194,108
b5a742,PANTONE 618,14,10,85,27,#B5A742,181,167,66
a2942c,PANTONE 619,17,14,93,38,#A2942C,162,148,44
948521,PANTONE 620,17,17,97,48,#948521,148,133,33
d8e2d4,PANTONE 621,12,1,12,2,#D8E2D4,216,226,212
bbd1c2,PANTONE 622,25,2,19,5,#BBD1C2,187,209,194
a2bfaf,PANTONE 623,37,4,26,10,#A2BFAF,162,191,175
87a796,PANTONE 624,48,8,34,20,#87A796,135,167,150
678b7a,PANTONE 625,64,16,45,30,#678B7A,103,139,122
3a6a58,PANTONE 626,80,18,56,54,#3A6A58,58,106,88
203e35,PANTONE 627,93,33,68,85,#203E35,32,62,53
c8e3e2,PANTONE 628,20,0,7,0,#C8E3E2,200,227,226
a5d5dc,PANTONE 629,36,0,9,0,#A5D5DC,165,213,220
87cbd8,PANTONE 630,48,0,10,0,#87CBD8,135,203,216
29b5cf,PANTONE 631,74,0,13,0,#29B5CF,41,181,207
009abb,PANTONE 632,93,2,15,7,#009ABB,0,154,187
007fa3,PANTONE 633,98,6,10,29,#007FA3,0,127,163
006d90,PANTONE 634,100,13,10,41,#006D90,0,109,144
b6dce4,PANTONE 635,30,0,7,0,#B6DCE4,182,220,228
a3d5e3,PANTONE 636,39,0,7,0,#A3D5E3,163,213,227
65c1de,PANTONE 637,62,0,8,0,#65C1DE,101,193,222
00add7,PANTONE 638,86,0,9,0,#00ADD7,0,173,215
0098d0,PANTONE 639,99,1,5,5,#0098D0,0,152,208
0085be,PANTONE 640,100,10,3,16,#0085BE,0,133,190
0077b5,PANTONE 641,100,23,0,19,#0077B5,0,119,181
d6e2eb,PANTONE 642,13,2,1,1,#D6E2EB,214,226,235
c7d9e7,PANTONE 643,20,3,1,2,#C7D9E7,199,217,231
97b8d4,PANTONE 644,42,10,2,6,#97B8D4,151,184,212
79a0c6,PANTONE 645,56,21,2,8,#79A0C6,121,160,198
5588b5,PANTONE 646,72,31,3,12,#5588B5,85,136,181
0d5b90,PANTONE 647,96,54,5,27,#0D5B90,13,91,144
1d3d66,PANTONE 648,100,71,9,56,#1D3D66,29,61,102
dee5ed,PANTONE 649,10,3,1,0,#DEE5ED,222,229,237
cad5e4,PANTONE 650,18,6,1,2,#CAD5E4,202,213,228
a3bad8,PANTONE 651,38,14,1,2,#A3BAD8,163,186,216
759ac4,PANTONE 652,58,26,2,5,#759AC4,117,154,196
235e96,PANTONE 653,94,57,4,18,#235E96,35,94,150
20426c,PANTONE 654,100,71,10,47,#20426C,32,66,108
25355a,PANTONE 655,100,79,12,59,#25355A,37,53,90
dfe8f2,PANTONE 656,10,2,0,0,#DFE8F2,223,232,242
c6d6eb,PANTONE 657,22,6,0,0,#C6D6EB,198,214,235
a9c4e3,PANTONE 658,37,11,0,0,#A9C4E3,169,196,227
7ba0d0,PANTONE 659,59,27,0,0,#7BA0D0,123,160,208
3975b7,PANTONE 660,88,50,0,0,#3975B7,57,117,183
275197,PANTONE 661,100,75,0,6,#275197,39,81,151
303f82,PANTONE 662,100,87,0,20,#303F82,48,63,130
e4dee7,PANTONE 663,3,6,0,2,#E4DEE7,228,222,231
ded7e3,PANTONE 664,5,8,0,3,#DED7E3,222,215,227
c8bfd8,PANTONE 665,17,20,0,1,#C8BFD8,200,191,216
9f94b8,PANTONE 666,36,39,2,5,#9F94B8,159,148,184
746796,PANTONE 667,56,59,4,14,#746796,116,103,150
5c487a,PANTONE 668,70,77,7,23,#5C487A,92,72,122
3d2b5a,PANTONE 669,87,97,8,49,#3D2B5A,61,43,90
edd5e4,PANTONE 670,1,17,0,0,#EDD5E4,237,213,228
e5c3d9,PANTONE 671,3,28,0,0,#E5C3D9,229,195,217
dba5c7,PANTONE 672,6,46,0,0,#DBA5C7,219,165,199
d492bb,PANTONE 673,9,55,0,0,#D492BB,212,146,187
c35899,PANTONE 674,16,83,0,0,#C35899,195,88,153
b11f79,PANTONE 675,18,100,0,8,#B11F79,177,31,121
9f1e54,PANTONE 676,9,100,14,33,#9F1E54,159,30,84
e7d2df,PANTONE 677,1,16,0,2,#E7D2DF,231,210,223
e2c7d9,PANTONE 678,3,23,0,1,#E2C7D9,226,199,217
e3c1d7,PANTONE 679,4,29,0,0,#E3C1D7,227,193,215
cb96b9,PANTONE 680,9,49,0,6,#CB96B9,203,150,185
b973a0,PANTONE 681,16,68,1,9,#B973A0,185,115,160
994879,PANTONE 682,24,86,4,28,#994879,153,72,121
7f2952,PANTONE 683,26,99,12,50,#7F2952,127,41,82
e4cad6,PANTONE 684,3,22,2,1,#E4CAD6,228,202,214
e4bed2,PANTONE 685,0,29,0,4,#E4BED2,228,190,210
d9aac6,PANTONE 686,6,42,1,2,#D9AAC6,217,170,198
c489ab,PANTONE 687,10,55,2,10,#C489AB,196,137,171
b56f97,PANTONE 688,17,68,3,12,#B56F97,181,111,151
923c6c,PANTONE 689,24,89,5,37,#923C6C,146,60,108
642541,PANTONE 690,30,98,13,68,#642541,100,37,65
f0d8d7,PANTONE 691,0,14,5,1,#F0D8D7,240,216,215
e5c1c7,PANTONE 692,2,26,7,2,#E5C1C7,229,193,199
d8a7b4,PANTONE 693,3,39,9,6,#D8A7B4,216,167,180
c98f9c,PANTONE 694,5,50,14,13,#C98F9C,201,143,156
b77783,PANTONE 695,8,60,21,24,#B77783,183,119,131
964b57,PANTONE 696,17,82,42,40,#964B57,150,75,87
8c434c,PANTONE 697,19,85,48,46,#8C434C,140,67,76
f2d7db,PANTONE 698,0,16,4,0,#F2D7DB,242,215,219
eec4ce,PANTONE 699,0,28,5,0,#EEC4CE,238,196,206
ebb1bf,PANTONE 700,0,40,8,0,#EBB1BF,235,177,191
e591a6,PANTONE 701,0,58,13,0,#E591A6,229,145,166
d3697f,PANTONE 702,4,78,30,2,#D3697F,211,105,127
ba4458,PANTONE 703,6,91,53,16,#BA4458,186,68,88
a4303c,PANTONE 704,8,97,76,31,#A4303C,164,48,60
f3e0e3,PANTONE 705,0,11,3,0,#F3E0E3,243,224,227
f0ccd0,PANTONE 706,0,23,7,0,#F0CCD0,240,204,208
ecb8c4,PANTONE 707,0,36,8,0,#ECB8C4,236,184,196
e798a6,PANTONE 708,0,53,17,0,#E798A6,231,152,166
e27a89,PANTONE 709,0,69,29,0,#E27A89,226,122,137
de5a6c,PANTONE 710,0,84,46,0,#DE5A6C,222,90,108
da3248,PANTONE 711,0,97,75,0,#DA3248,218,50,72
f1c39f,PANTONE 713,0,27,40,0,#F1C39F,241,195,159
eeaf7a,PANTONE 714,0,40,59,0,#EEAF7A,238,175,122
e9954b,PANTONE 715,0,54,87,0,#E9954B,233,149,75
e68835,PANTONE 716,0,61,99,0,#E68835,230,136,53
e37a33,PANTONE 717,0,68,100,0,#E37A33,227,122,51
d1692e,PANTONE 718,0,74,100,8,#D1692E,209,105,46
eed0ad,PANTONE 719,0,14,26,1,#EED0AD,238,208,173
e9ba90,PANTONE 720,0,25,38,2,#E9BA90,233,186,144
e2a770,PANTONE 721,0,35,52,4,#E2A770,226,167,112
cb8644,PANTONE 722,2,50,76,13,#CB8644,203,134,68
b9701d,PANTONE 723,6,60,98,20,#B9701D,185,112,29
98561f,PANTONE 724,7,70,100,42,#98561F,152,86,31
81461d,PANTONE 725,9,75,100,55,#81461D,129,70,29
e6c9a5,PANTONE 726,1,15,26,3,#E6C9A5,230,201,165
dcb894,PANTONE 727,2,21,32,6,#DCB894,220,184,148
ca9f75,PANTONE 728,5,32,46,10,#CA9F75,202,159,117
bb854d,PANTONE 729,7,45,66,18,#BB854D,187,133,77
a06932,PANTONE 730,10,55,83,35,#A06932,160,105,50
79491d,PANTONE 731,11,68,100,61,#79491D,121,73,29
6b431c,PANTONE 732,16,69,100,71,#6B431C,107,67,28
f9e49d,PANTONE 1205,0,3,43,0,#F9E49D,249,228,157
f7dc86,PANTONE 1215,0,6,53,0,#F7DC86,247,220,134
f2c150,PANTONE 1225,0,19,79,0,#F2C150,242,193,80
eead1a,PANTONE 1235,0,31,98,0,#EEAD1A,238,173,26
c08f23,PANTONE 1245,6,35,99,18,#C08F23,192,143,35
ac8325,PANTONE 1255,9,35,98,30,#AC8325,172,131,37
907127,PANTONE 1265,14,36,95,46,#907127,144,113,39
f2cb8e,PANTONE 1345,0,17,50,0,#F2CB8E,242,203,142
f1c27a,PANTONE 1355,0,22,60,0,#F1C27A,241,194,122
edae5a,PANTONE 1365,0,34,76,0,#EDAE5A,237,174,90
e99c34,PANTONE 1375,0,45,94,0,#E99C34,233,156,52
d9852d,PANTONE 1385,2,56,100,3,#D9852D,217,133,45
a06928,PANTONE 1395,9,55,100,39,#A06928,160,105,40
745125,PANTONE 1405,20,55,100,60,#745125,116,81,37
efb670,PANTONE 1485,0,34,58,0,#EFB670,239,182,112
eba149,PANTONE 1495,0,46,78,0,#EBA149,235,161,73
e78e2e,PANTONE 1505,0,56,90,0,#E78E2E,231,142,46
cb6423,PANTONE 1525,2,77,100,9,#CB6423,203,100,35
975222,PANTONE 1535,10,75,100,42,#975222,151,82,34
643b1e,PANTONE 1545,20,76,100,70,#643B1E,100,59,30
f0c199,PANTONE 1555,0,26,36,0,#F0C199,240,193,153
ecab77,PANTONE 1565,0,39,51,0,#ECAB77,236,171,119
e89449,PANTONE 1575,0,51,77,0,#E89449,232,148,73
e58426,PANTONE 1585,0,61,97,0,#E58426,229,132,38
da7028,PANTONE 1595,0,71,100,3,#DA7028,218,112,40
a35a24,PANTONE 1605,6,71,100,32,#A35A24,163,90,36
8c4e20,PANTONE 1615,10,72,100,46,#8C4E20,140,78,32
ebab8b,PANTONE 1625,0,41,42,0,#EBAB8B,235,171,139
e8986d,PANTONE 1635,0,51,55,0,#E8986D,232,152,109
e4824a,PANTONE 1645,0,63,75,0,#E4824A,228,130,74
e17025,PANTONE 1655,0,73,98,0,#E17025,225,112,37
df6426,PANTONE 1665,0,79,100,0,#DF6426,223,100,38
a94b26,PANTONE 1675,5,83,100,27,#A94B26,169,75,38
874122,PANTONE 1685,11,82,100,48,#874122,135,65,34
eaacae,PANTONE 1765,0,42,18,0,#EAACAE,234,172,174
edbdc2,PANTONE 1767,0,33,10,0,#EDBDC2,237,189,194
e89fa2,PANTONE 1775,0,49,23,0,#E89FA2,232,159,162
e27e8a,PANTONE 1777,0,66,29,0,#E27E8A,226,126,138
e06966,PANTONE 1785,0,76,54,0,#E06966,224,105,102
dd5b61,PANTONE 1787,0,82,53,0,#DD5B61,221,91,97
de5346,PANTONE 1788,0,88,82,0,#DE5346,222,83,70
d63d36,PANTONE 1795,0,96,93,2,#D63D36,214,61,54
ca3639,PANTONE 1797,2,97,85,7,#CA3639,202,54,57
b4373c,PANTONE 1805,5,96,80,22,#B4373C,180,55,60
a4383d,PANTONE 1807,10,93,71,33,#A4383D,164,56,61
7f2f2d,PANTONE 1815,16,97,86,54,#7F2F2D,127,47,45
683737,PANTONE 1817,30,85,59,70,#683737,104,55,55
edc0d2,PANTONE 1895,0,30,2,0,#EDC0D2,237,192,210
e8a4b8,PANTONE 1905,0,47,9,0,#E8A4B8,232,164,184
e16f8f,PANTONE 1915,0,75,21,0,#E16F8F,225,111,143
db3762,PANTONE 1925,0,97,50,0,#DB3762,219,55,98
cc3057,PANTONE 1935,1,100,55,6,#CC3057,204,48,87
ac2c4a,PANTONE 1945,5,100,55,28,#AC2C4A,172,44,74
922841,PANTONE 1955,9,100,54,43,#922841,146,40,65
f7e586,PANTONE 2001,0,3,48,0,#F7E586,247,229,134
f8e26e,PANTONE 2002,0,4,58,0,#F8E26E,248,226,110
fae448,PANTONE 2003,0,1,70,0,#FAE448,250,228,72
f6db67,PANTONE 2004,0,8,61,0,#F6DB67,246,219,103
f4d168,PANTONE 2005,0,13,60,0,#F4D168,244,209,104
f2c031,PANTONE 2006,0,22,77,0,#F2C031,242,192,49
e9a800,PANTONE 2007,0,33,92,2,#E9A800,233,168,0
f0bc3a,PANTONE 2008,0,25,78,0,#F0BC3A,240,188,58
edac20,PANTONE 2009,0,35,87,0,#EDAC20,237,172,32
eeaa00,PANTONE 2010,0,35,100,0,#EEAA00,238,170,0
ea9a00,PANTONE 2011,0,48,99,0,#EA9A00,234,154,0
eb9d00,PANTONE 2012,0,45,100,0,#EB9D00,235,157,0
eb9c00,PANTONE 2013,0,46,100,0,#EB9C00,235,156,0
b97a07,PANTONE 2014,0,51,100,26,#B97A07,185,122,7
f2d4a8,PANTONE 2015,0,16,32,0,#F2D4A8,242,212,168
edb46a,PANTONE 2016,0,33,57,0,#EDB46A,237,180,106
edb46e,PANTONE 2017,0,34,57,0,#EDB46E,237,180,110
e88d19,PANTONE 2018,0,58,95,0,#E88D19,232,141,25
e17c0f,PANTONE 2019,0,69,100,2,#E17C0F,225,124,15
bb6c17,PANTONE 2020,0,68,100,22,#BB6C17,187,108,23
a3541b,PANTONE 2021,0,80,100,35,#A3541B,163,84,27
ecb086,PANTONE 2022,0,38,44,0,#ECB086,236,176,134
e9a374,PANTONE 2023,0,48,54,0,#E9A374,233,163,116
e68e5e,PANTONE 2024,0,58,65,0,#E68E5E,230,142,94
e99d57,PANTONE 2025,0,50,71,0,#E99D57,233,157,87
e06c42,PANTONE 2027,0,76,75,0,#E06C42,224,108,66
de5722,PANTONE 2028,0,84,98,0,#DE5722,222,87,34
e17662,PANTONE 2029,0,63,49,0,#E17662,225,118,98
df6b5c,PANTONE 2030,0,68,51,0,#DF6B5C,223,107,92
d56357,PANTONE 2031,4,71,54,0,#D56357,213,99,87
ce5148,PANTONE 2032,4,78,61,2,#CE5148,206,81,72
c0433b,PANTONE 2033,4,83,68,9,#C0433B,192,67,59
da472f,PANTONE 2034,0,85,80,0,#DA472F,218,71,47
d12e28,PANTONE 2035,0,97,100,3,#D12E28,209,46,40
ebbfd2,PANTONE 2036,0,29,1,0,#EBBFD2,235,191,210
e09bbe,PANTONE 2037,2,51,0,0,#E09BBE,224,155,190
df78a8,PANTONE 2038,0,68,0,0,#DF78A8,223,120,168
db558f,PANTONE 2039,0,83,3,0,#DB558F,219,85,143
d82f4f,PANTONE 2040,0,96,43,0,#D82F4F,216,47,79
972941,PANTONE 2041,0,98,39,40,#972941,151,41,65
6f3639,PANTONE 2042,20,91,44,58,#6F3639,111,54,57
e7c9d2,PANTONE 2043,2,23,4,0,#E7C9D2,231,201,210
e391b1,PANTONE 2044,0,53,3,0,#E391B1,227,145,177
dd6d98,PANTONE 2045,0,67,5,0,#DD6D98,221,109,152
d2497f,PANTONE 2046,0,80,7,3,#D2497F,210,73,127
a03a63,PANTONE 2047,18,85,17,21,#A03A63,160,58,99
923756,PANTONE 2048,16,88,24,34,#923756,146,55,86
7a3343,PANTONE 2049,19,90,36,47,#7A3343,122,51,67
e7d6dc,PANTONE 2050,3,15,3,0,#E7D6DC,231,214,220
dcc4ce,PANTONE 2051,8,23,5,0,#DCC4CE,220,196,206
c7a1b2,PANTONE 2052,18,39,11,0,#C7A1B2,199,161,178
af8099,PANTONE 2053,28,55,16,2,#AF8099,175,128,153
957381,PANTONE 2054,40,59,28,4,#957381,149,115,129
7f5e6c,PANTONE 2055,44,68,32,14,#7F5E6C,127,94,108
6f4f5e,PANTONE 2056,47,74,34,23,#6F4F5E,111,79,94
d391b7,PANTONE 2057,9,49,0,0,#D391B7,211,145,183
b783a7,PANTONE 2058,26,53,6,0,#B783A7,183,131,167
b7779a,PANTONE 2059,26,58,10,0,#B7779A,183,119,154
c16198,PANTONE 2060,19,70,0,0,#C16198,193,97,152
b04982,PANTONE 2061,25,80,5,3,#B04982,176,73,130
ae337e,PANTONE 2062,28,88,0,0,#AE337E,174,51,126
a5277a,PANTONE 2063,35,94,0,0,#A5277A,165,39,122
cf9abf,PANTONE 2064,13,45,0,0,#CF9ABF,207,154,191
cea5c5,PANTONE 2065,15,38,0,0,#CEA5C5,206,165,197
bf91ba,PANTONE 2066,23,49,0,0,#BF91BA,191,145,186
ad6fa4,PANTONE 2067,34,63,0,0,#AD6FA4,173,111,164
a55e98,PANTONE 2068,40,71,0,0,#A55E98,165,94,152
9a498b,PANTONE 2069,47,81,0,0,#9A498B,154,73,139
8b3a83,PANTONE 2070,59,89,0,0,#8B3A83,139,58,131
c4b1cf,PANTONE 2071,23,29,0,0,#C4B1CF,196,177,207
b097c1,PANTONE 2072,34,42,0,0,#B097C1,176,151,193
a993bf,PANTONE 2073,39,44,0,0,#A993BF,169,147,191
9473ab,PANTONE 2074,51,62,0,0,#9473AB,148,115,171
8a74ad,PANTONE 2075,56,60,0,0,#8A74AD,138,116,173
8263a1,PANTONE 2076,60,70,0,0,#8263A1,130,99,161
694991,PANTONE 2077,76,85,0,0,#694991,105,73,145
b49bc0,PANTONE 2078,30,41,2,0,#B49BC0,180,155,192
9b83a6,PANTONE 2079,45,53,10,0,#9B83A6,155,131,166
9b7db1,PANTONE 2080,45,55,0,0,#9B7DB1,155,125,177
7f599a,PANTONE 2081,60,72,0,0,#7F599A,127,89,154
6d4189,PANTONE 2082,70,81,0,0,#6D4189,109,65,137
956fa7,PANTONE 2083,46,58,0,0,#956FA7,149,111,167
714088,PANTONE 2084,66,79,0,0,#714088,113,64,136
decedf,PANTONE 2085,9,16,0,0,#DECEDF,222,206,223
9989b9,PANTONE 2086,41,45,0,0,#9989B9,153,137,185
9385b6,PANTONE 2087,45,49,0,0,#9385B6,147,133,182
7a6aa5,PANTONE 2088,58,60,0,0,#7A6AA5,122,106,165
675293,PANTONE 2089,72,74,0,0,#675293,103,82,147
61468b,PANTONE 2090,77,79,0,0,#61468B,97,70,139
513881,PANTONE 2091,86,88,0,0,#513881,81,56,129
b2a6ca,PANTONE 2092,29,32,0,0,#B2A6CA,178,166,202
a198c1,PANTONE 2093,38,38,1,0,#A198C1,161,152,193
847cae,PANTONE 2094,53,52,3,0,#847CAE,132,124,174
7065a3,PANTONE 2095,66,63,0,0,#7065A3,112,101,163
5e5194,PANTONE 2096,76,75,0,0,#5E5194,94,81,148
5e5195,PANTONE 2097,77,74,0,0,#5E5195,94,81,149
483e87,PANTONE 2098,88,86,0,0,#483E87,72,62,135
a89ac2,PANTONE 2099,36,38,1,0,#A89AC2,168,154,194
9b91be,PANTONE 2100,43,42,0,0,#9B91BE,155,145,190
847fb4,PANTONE 2101,54,52,0,0,#847FB4,132,127,180
5e5c9f,PANTONE 2102,76,71,0,0,#5E5C9F,94,92,159
564c93,PANTONE 2103,84,82,0,0,#564C93,86,76,147
444089,PANTONE 2104,92,87,0,0,#444089,68,64,137
382c75,PANTONE 2105,100,100,0,3,#382C75,56,44,117
b7c0d3,PANTONE 2106,31,18,5,0,#B7C0D3,183,192,211
9ea3b7,PANTONE 2107,44,28,12,2,#9EA3B7,158,163,183
7a85a0,PANTONE 2108,58,38,15,7,#7A85A0,122,133,160
5c6d8b,PANTONE 2109,74,51,22,8,#5C6D8B,92,109,139
515d82,PANTONE 2110,81,60,19,13,#515D82,81,93,130
3f5173,PANTONE 2111,86,65,21,26,#3F5173,63,81,115
2a3065,PANTONE 2112,97,96,0,41,#2A3065,42,48,101
a0add3,PANTONE 2113,39,23,0,0,#A0ADD3,160,173,211
838fc0,PANTONE 2114,52,38,0,0,#838FC0,131,143,192
657fb8,PANTONE 2115,64,46,0,0,#657FB8,101,127,184
566eac,PANTONE 2116,76,56,0,0,#566EAC,86,110,172
3a4c93,PANTONE 2117,92,79,0,0,#3A4C93,58,76,147
31397f,PANTONE 2118,99,89,0,7,#31397F,49,57,127
2f366a,PANTONE 2119,97,85,0,37,#2F366A,47,54,106
c1d1e7,PANTONE 2120,26,9,0,0,#C1D1E7,193,209,231
8cadd6,PANTONE 2121,51,21,0,0,#8CADD6,140,173,214
96abd2,PANTONE 2122,47,25,0,0,#96ABD2,150,171,210
6f8cc2,PANTONE 2123,63,39,0,0,#6F8CC2,111,140,194
637db7,PANTONE 2124,67,49,0,0,#637DB7,99,125,183
5670af,PANTONE 2125,74,55,0,0,#5670AF,86,112,175
b8cfe7,PANTONE 2127,30,8,0,0,#B8CFE7,184,207,231
92b2d9,PANTONE 2128,49,20,0,0,#92B2D9,146,178,217
6593c8,PANTONE 2129,69,35,0,0,#6593C8,101,147,200
5a7fbc,PANTONE 2130,78,51,0,0,#5A7FBC,90,127,188
466aad,PANTONE 2131,87,64,0,0,#466AAD,70,106,173
3064a9,PANTONE 2132,92,64,0,0,#3064A9,48,100,169
155ea4,PANTONE 2133,96,64,0,0,#155EA4,21,94,164
96a9d0,PANTONE 2134,46,26,0,0,#96A9D0,150,169,208
6788be,PANTONE 2135,62,39,0,0,#6788BE,103,136,190
7b92ad,PANTONE 2136,58,33,14,2,#7B92AD,123,146,173
637d9c,PANTONE 2137,69,41,15,8,#637D9C,99,125,156
637682,PANTONE 2138,70,46,31,12,#637682,99,118,130
55718f,PANTONE 2139,79,49,17,15,#55718F,85,113,143
2f4e74,PANTONE 2140,93,61,9,42,#2F4E74,47,78,116
85b8df,PANTONE 2141,49,9,0,0,#85B8DF,133,184,223
79a5d2,PANTONE 2142,54,20,0,0,#79A5D2,121,165,210
4384bf,PANTONE 2143,77,34,0,0,#4384BF,67,132,191
0069ad,PANTONE 2144,95,53,0,0,#0069AD,0,105,173
115391,PANTONE 2145,98,62,0,14,#115391,17,83,145
1d4481,PANTONE 2146,100,72,0,20,#1D4481,29,68,129
2a3b80,PANTONE 2147,99,86,0,7,#2A3B80,42,59,128
6690ab,PANTONE 2148,66,29,14,4,#6690AB,102,144,171
5085a4,PANTONE 2149,79,37,17,2,#5085A4,80,133,164
407797,PANTONE 2150,83,39,15,13,#407797,64,119,151
1c6ea5,PANTONE 2151,93,51,6,4,#1C6EA5,28,110,165
13658b,PANTONE 2152,92,44,13,22,#13658B,19,101,139
015379,PANTONE 2153,97,49,11,38,#015379,1,83,121
014779,PANTONE 2154,100,58,0,42,#014779,1,71,121
a8bdce,PANTONE 2155,38,15,8,0,#A8BDCE,168,189,206
8ca8bf,PANTONE 2156,51,23,11,0,#8CA8BF,140,168,191
7196b1,PANTONE 2157,63,31,14,0,#7196B1,113,150,177
5784a2,PANTONE 2158,74,38,17,4,#5784A2,87,132,162
4e7a99,PANTONE 2159,79,43,18,8,#4E7A99,78,122,153
3c6f8e,PANTONE 2160,85,47,20,13,#3C6F8E,60,111,142
17597e,PANTONE 2161,93,55,16,25,#17597E,23,89,126
9babb5,PANTONE 2162,42,23,18,1,#9BABB5,155,171,181
82979f,PANTONE 2163,52,29,26,3,#82979F,130,151,159
728e9c,PANTONE 2164,58,32,27,3,#728E9C,114,142,156
597a8b,PANTONE 2165,68,39,30,9,#597A8B,89,122,139
496b7e,PANTONE 2166,75,45,33,14,#496B7E,73,107,126
3f6578,PANTONE 2167,79,46,34,16,#3F6578,63,101,120
134153,PANTONE 2168,91,44,30,57,#134153,19,65,83
81b1d1,PANTONE 2169,52,13,5,0,#81B1D1,129,177,209
4699c5,PANTONE 2170,69,21,6,0,#4699C5,70,153,197
3fa0d6,PANTONE 2171,72,17,0,0,#3FA0D6,63,160,214
2880bf,PANTONE 2172,86,42,0,0,#2880BF,40,128,191
0089c8,PANTONE 2173,88,31,0,0,#0089C8,0,137,200
0076bb,PANTONE 2174,94,43,0,0,#0076BB,0,118,187
006cb4,PANTONE 2175,99,47,0,0,#006CB4,0,108,180
adbfc1,PANTONE 2176,33,12,17,0,#ADBFC1,173,191,193
769fab,PANTONE 2177,54,20,24,3,#769FAB,118,159,171
508697,PANTONE 2178,68,29,30,7,#508697,80,134,151
407685,PANTONE 2179,76,35,34,18,#407685,64,118,133
2f6979,PANTONE 2180,83,40,34,30,#2F6979,47,105,121
1c5668,PANTONE 2181,89,42,29,50,#1C5668,28,86,104
154f5f,PANTONE 2182,93,44,32,57,#154F5F,21,79,95
0094ba,PANTONE 2183,88,21,13,2,#0094BA,0,148,186
008bcb,PANTONE 2184,94,29,0,0,#008BCB,0,139,203
007ca8,PANTONE 2185,100,38,17,2,#007CA8,0,124,168
005483,PANTONE 2186,100,46,0,46,#005483,0,84,131
00527f,PANTONE 2187,100,47,0,48,#00527F,0,82,127
00476c,PANTONE 2188,100,39,0,63,#00476C,0,71,108
0d394e,PANTONE 2189,94,24,0,85,#0D394E,13,57,78
3fb1e2,PANTONE 2190,70,3,0,0,#3FB1E2,63,177,226
05a0d9,PANTONE 2191,82,11,0,0,#05A0D9,5,160,217
0094d2,PANTONE 2192,89,18,0,0,#0094D2,0,148,210
008ccc,PANTONE 2193,92,24,0,0,#008CCC,0,140,204
0087c9,PANTONE 2194,95,26,0,0,#0087C9,0,135,201
0074bc,PANTONE 2195,98,40,0,0,#0074BC,0,116,188
006bad,PANTONE 2196,100,35,0,12,#006BAD,0,107,173
8ac8d4,PANTONE 2197,50,0,12,0,#8AC8D4,138,200,212
65bccd,PANTONE 2198,61,0,15,0,#65BCCD,101,188,205
28b1ca,PANTONE 2199,77,0,16,0,#28B1CA,40,177,202
00a8c3,PANTONE 2200,82,1,17,3,#00A8C3,0,168,195
00a9c8,PANTONE 2201,84,0,16,0,#00A9C8,0,169,200
009fd5,PANTONE 2202,92,0,6,0,#009FD5,0,159,213
008ab0,PANTONE 2203,94,1,14,15,#008AB0,0,138,176
b0ccd8,PANTONE 2204,33,5,8,2,#B0CCD8,176,204,216
78aebd,PANTONE 2205,55,11,18,3,#78AEBD,120,174,189
6f9fb6,PANTONE 2206,59,21,17,4,#6F9FB6,111,159,182
4b95ab,PANTONE 2207,73,18,22,8,#4B95AB,75,149,171
5889a1,PANTONE 2208,71,30,23,9,#5889A1,88,137,161
43859a,PANTONE 2209,79,23,23,19,#43859A,67,133,154
124c64,PANTONE 2210,97,45,24,55,#124C64,18,76,100
75a0a3,PANTONE 2211,62,22,35,2,#75A0A3,117,160,163
51848a,PANTONE 2212,75,29,42,12,#51848A,81,132,138
3c7176,PANTONE 2213,82,34,49,24,#3C7176,60,113,118
327179,PANTONE 2214,84,34,47,22,#327179,50,113,121
215a67,PANTONE 2215,89,46,44,40,#215A67,33,90,103
294f5a,PANTONE 2216,88,50,45,50,#294F5A,41,79,90
113b40,PANTONE 2217,88,0,28,88,#113B40,17,59,64
6badb6,PANTONE 2218,63,9,28,2,#6BADB6,107,173,182
5ba6b1,PANTONE 2219,68,10,30,3,#5BA6B1,91,166,177
4395a2,PANTONE 2220,76,13,34,9,#4395A2,67,149,162
348796,PANTONE 2221,80,16,34,19,#348796,52,135,150
178290,PANTONE 2222,85,17,38,19,#178290,23,130,144
007080,PANTONE 2223,91,11,38,40,#007080,0,112,128
006275,PANTONE 2224,96,0,31,57,#006275,0,98,117
97caca,PANTONE 2225,45,0,18,0,#97CACA,151,202,202
69bbbc,PANTONE 2227,60,0,25,0,#69BBBC,105,187,188
009fac,PANTONE 2228,92,0,34,0,#009FAC,0,159,172
009ba7,PANTONE 2229,96,0,36,0,#009BA7,0,155,167
008a90,PANTONE 2230,96,3,41,13,#008A90,0,138,144
007e8a,PANTONE 2231,100,5,40,21,#007E8A,0,126,138
6cb1b3,PANTONE 2232,61,7,31,0,#6CB1B3,108,177,179
4ba2a6,PANTONE 2233,71,8,35,4,#4BA2A6,75,162,166
3c9a9f,PANTONE 2234,75,10,37,6,#3C9A9F,60,154,159
248e91,PANTONE 2235,81,9,41,15,#248E91,36,142,145
318d90,PANTONE 2236,79,14,43,11,#318D90,49,141,144
0f7f83,PANTONE 2237,86,16,44,21,#0F7F83,15,127,131
00666c,PANTONE 2238,100,2,46,49,#00666C,0,102,108
73bcac,PANTONE 2239,59,0,39,0,#73BCAC,115,188,172
45af99,PANTONE 2240,74,0,49,0,#45AF99,69,175,153
4fa08d,PANTONE 2241,73,7,51,6,#4FA08D,79,160,141
009b71,PANTONE 2242,95,0,74,0,#009B71,0,155,113
009376,PANTONE 2243,90,5,63,6,#009376,0,147,118
227e65,PANTONE 2244,86,14,63,20,#227E65,34,126,101
007e51,PANTONE 2245,100,0,81,18,#007E51,0,126,81
aed0b4,PANTONE 2246,35,0,33,0,#AED0B4,174,208,180
7cba96,PANTONE 2247,54,0,48,0,#7CBA96,124,186,150
69b48d,PANTONE 2248,59,0,53,0,#69B48D,105,180,141
39a578,PANTONE 2249,73,0,62,0,#39A578,57,165,120
21a16d,PANTONE 2250,79,0,67,0,#21A16D,33,161,109
00975d,PANTONE 2251,87,0,74,0,#00975D,0,151,93
009349,PANTONE 2252,88,0,86,0,#009349,0,147,73
c9ddc3,PANTONE 2253,21,0,22,0,#C9DDC3,201,221,195
b7d2aa,PANTONE 2254,29,0,35,0,#B7D2AA,183,210,170
97c28e,PANTONE 2255,43,0,49,0,#97C28E,151,194,142
72b370,PANTONE 2256,57,0,62,0,#72B370,114,179,112
009739,PANTONE 2257,87,0,91,0,#009739,0,151,57
008b2f,PANTONE 2258,91,0,100,8,#008B2F,0,139,47
187329,PANTONE 2259,87,0,99,32,#187329,24,115,41
b8d2a3,PANTONE 2260,31,0,39,0,#B8D2A3,184,210,163
99be8a,PANTONE 2261,46,4,52,0,#99BE8A,153,190,138
84ad74,PANTONE 2262,54,9,62,2,#84AD74,132,173,116
659256,PANTONE 2263,65,12,75,14,#659256,101,146,86
6a9860,PANTONE 2264,64,13,72,8,#6A9860,106,152,96
44763c,PANTONE 2265,73,12,89,34,#44763C,68,118,60
2d5628,PANTONE 2266,71,0,100,68,#2D5628,45,86,40
b5d1a2,PANTONE 2267,32,0,42,0,#B5D1A2,181,209,162
a1c894,PANTONE 2268,42,0,51,0,#A1C894,161,200,148
90bf73,PANTONE 2269,51,0,71,0,#90BF73,144,191,115
75b66d,PANTONE 2270,61,0,73,0,#75B66D,117,182,109
55a94c,PANTONE 2271,74,0,85,0,#55A94C,85,169,76
19993b,PANTONE 2272,87,0,100,2,#19993B,25,153,59
25732d,PANTONE 2273,84,0,100,39,#25732D,37,115,45
d9e2b4,PANTONE 2274,15,0,34,0,#D9E2B4,217,226,180
c6d79b,PANTONE 2275,24,0,48,0,#C6D79B,198,215,155
8ea851,PANTONE 2276,48,8,83,9,#8EA851,142,168,81
59943c,PANTONE 2277,63,0,97,20,#59943C,89,148,60
588631,PANTONE 2278,62,0,98,35,#588631,88,134,49
587528,PANTONE 2279,54,0,96,51,#587528,88,117,40
486a24,PANTONE 2280,61,0,99,56,#486A24,72,106,36
d9e1a9,PANTONE 2281,15,0,46,0,#D9E1A9,217,225,169
ccddaf,PANTONE 2282,22,0,42,0,#CCDDAF,204,221,175
b3cf8e,PANTONE 2283,35,0,61,0,#B3CF8E,179,207,142
b9d18e,PANTONE 2284,33,0,60,0,#B9D18E,185,209,142
a5c776,PANTONE 2285,43,0,70,0,#A5C776,165,199,118
9dc04c,PANTONE 2286,48,0,86,0,#9DC04C,157,192,76
79b33f,PANTONE 2287,61,0,93,0,#79B33F,121,179,63
cbd98e,PANTONE 2288,24,0,57,0,#CBD98E,203,217,142
cbd98a,PANTONE 2289,24,0,60,0,#CBD98A,203,217,138
b9cf69,PANTONE 2290,34,0,78,0,#B9CF69,185,207,105
b3cb60,PANTONE 2291,38,0,82,0,#B3CB60,179,203,96
9dc149,PANTONE 2292,48,0,92,0,#9DC149,157,193,73
99be48,PANTONE 2293,49,0,90,0,#99BE48,153,190,72
84a837,PANTONE 2294,50,0,95,13,#84A837,132,168,55
dee29f,PANTONE 2295,12,0,49,0,#DEE29F,222,226,159
d6df98,PANTONE 2296,17,0,54,0,#D6DF98,214,223,152
bfd275,PANTONE 2297,29,0,72,0,#BFD275,191,210,117
b9ce6c,PANTONE 2298,33,0,72,0,#B9CE6C,185,206,108
a9c343,PANTONE 2299,41,0,84,0,#A9C343,169,195,67
abc230,PANTONE 2300,40,0,89,0,#ABC230,171,194,48
8ca71d,PANTONE 2301,46,0,100,14,#8CA71D,140,167,29
adb85d,PANTONE 2302,33,7,74,5,#ADB85D,173,184,93
9eb164,PANTONE 2303,43,11,76,0,#9EB164,158,177,100
9fab53,PANTONE 2304,37,9,83,11,#9FAB53,159,171,83
9aa126,PANTONE 2305,25,0,100,32,#9AA126,154,161,38
7d8d2a,PANTONE 2306,39,4,100,38,#7D8D2A,125,141,42
5f6b21,PANTONE 2307,34,0,100,60,#5F6B21,95,107,33
5a561a,PANTONE 2308,10,7,98,77,#5A561A,90,86,26
eaceb1,PANTONE 2309,3,15,29,0,#EACEB1,234,206,177
dac1ab,PANTONE 2310,11,20,30,0,#DAC1AB,218,193,171
cea88a,PANTONE 2311,15,31,45,2,#CEA88A,206,168,138
b89980,PANTONE 2312,25,37,50,4,#B89980,184,153,128
c29669,PANTONE 2313,18,41,62,6,#C29669,194,150,105
a77440,PANTONE 2314,32,58,85,7,#A77440,167,116,64
8c4a1d,PANTONE 2315,0,71,100,49,#8C4A1D,140,74,29
bc9c7d,PANTONE 2316,25,39,50,3,#BC9C7D,188,156,125
b79265,PANTONE 2317,26,45,62,6,#B79265,183,146,101
a57e4d,PANTONE 2318,29,52,72,15,#A57E4D,165,126,77
855923,PANTONE 2319,21,63,98,46,#855923,133,89,35
724b25,PANTONE 2320,25,69,97,54,#724B25,114,75,37
6b4f2d,PANTONE 2321,0,44,75,74,#6B4F2D,107,79,45
48331c,PANTONE 2322,32,72,99,81,#48331C,72,51,28
bfba9b,PANTONE 2323,26,20,40,0,#BFBA9B,191,186,155
afa17c,PANTONE 2324,30,30,53,5,#AFA17C,175,161,124
a59675,PANTONE 2325,36,36,56,6,#A59675,165,150,117
837b59,PANTONE 2327,50,42,67,16,#837B59,131,123,89
756645,PANTONE 2328,47,49,73,33,#756645,117,102,69
675a39,PANTONE 2329,46,50,78,46,#675A39,103,90,57
d9d7d0,PANTONE 2330,13,9,13,0,#D9D7D0,217,215,208
b0aca5,PANTONE 2331,32,26,29,3,#B0ACA5,176,172,165
8f8a83,PANTONE 2332,50,42,44,6,#8F8A83,143,138,131
686e68,PANTONE 2333,66,55,58,10,#686E68,104,110,104
6c6962,PANTONE 2334,62,56,56,16,#6C6962,108,105,98
555142,PANTONE 2335,70,65,73,27,#555142,85,81,66
494842,PANTONE 2336,76,69,68,33,#494842,73,72,66
eabaaf,PANTONE 2337,0,27,22,0,#EABAAF,234,186,175
e1a59c,PANTONE 2338,4,39,29,0,#E1A59C,225,165,156
e59a93,PANTONE 2339,0,49,32,0,#E59A93,229,154,147
d36d77,PANTONE 2340,9,66,40,0,#D36D77,211,109,119
bb6c6b,PANTONE 2341,23,64,51,2,#BB6C6B,187,108,107
bc5b66,PANTONE 2342,16,73,46,7,#BC5B66,188,91,102
ad5263,PANTONE 2343,24,75,44,10,#AD5263,173,82,99
e18979,PANTONE 2344,0,56,50,0,#E18979,225,137,121
e07e77,PANTONE 2345,0,59,50,0,#E07E77,224,126,119
dd6d72,PANTONE 2346,0,65,50,0,#DD6D72,221,109,114
d73929,PANTONE 2347,0,88,100,0,#D73929,215,57,41
da575a,PANTONE 2348,0,76,65,0,#DA575A,218,87,90
c7442a,PANTONE 2349,0,82,100,10,#C7442A,199,68,42
b12629,PANTONE 2350,0,95,100,21,#B12629,177,38,41
bf80ae,PANTONE 2351,24,59,0,0,#BF80AE,191,128,174
b5649b,PANTONE 2352,29,69,0,0,#B5649B,181,100,155
ba5390,PANTONE 2353,24,77,0,0,#BA5390,186,83,144
944f85,PANTONE 2354,48,78,9,7,#944F85,148,79,133
8b1e75,PANTONE 2355,55,100,0,0,#8B1E75,139,30,117
762162,PANTONE 2356,50,98,0,32,#762162,118,33,98
651641,PANTONE 2357,23,100,0,58,#651641,101,22,65
b0a8ae,PANTONE 2358,34,28,19,4,#B0A8AE,176,168,174
847a85,PANTONE 2359,52,48,31,15,#847A85,132,122,133
84808f,PANTONE 2360,55,45,27,10,#84808F,132,128,143
72778f,PANTONE 2361,62,50,23,9,#72778F,114,119,143
767286,PANTONE 2362,59,52,28,13,#767286,118,114,134
696074,PANTONE 2363,63,58,30,19,#696074,105,96,116
715f6f,PANTONE 2364,59,59,36,20,#715F6F,113,95,111
e8c1d7,PANTONE 2365,2,30,0,0,#E8C1D7,232,193,215
747db4,PANTONE 2366,64,55,0,0,#747DB4,116,125,180
5f599b,PANTONE 2367,80,72,0,0,#5F599B,95,89,155
5b60a0,PANTONE 2368,82,70,0,0,#5B60A0,91,96,160
53599c,PANTONE 2369,87,77,0,0,#53599C,83,89,156
47418d,PANTONE 2370,97,96,0,0,#47418D,71,65,141
4d3c8b,PANTONE 2371,94,100,0,0,#4D3C8B,77,60,139
3e387e,PANTONE 2372,97,99,0,14,#3E387E,62,56,126
7d8ea6,PANTONE 2373,58,42,18,5,#7D8EA6,125,142,166
596a85,PANTONE 2374,72,55,20,18,#596A85,89,106,133
ca85b4,PANTONE 2375,16,60,0,0,#CA85B4,202,133,180
596676,PANTONE 2376,71,55,33,23,#596676,89,102,118
426176,PANTONE 2377,84,54,29,28,#426176,66,97,118
464f68,PANTONE 2378,83,63,26,34,#464F68,70,79,104
484b58,PANTONE 2379,81,64,41,38,#484B58,72,75,88
313546,PANTONE 2380,91,71,36,56,#313546,49,53,70
719bc9,PANTONE 2381,61,29,0,0,#719BC9,113,155,201
3f8dc4,PANTONE 2382,78,30,0,0,#3F8DC4,63,141,196
377cb0,PANTONE 2383,83,40,3,6,#377CB0,55,124,176
00679f,PANTONE 2384,99,48,1,14,#00679F,0,103,159
bb5398,PANTONE 2385,23,83,0,0,#BB5398,187,83,152
456fab,PANTONE 2386,83,54,0,0,#456FAB,69,111,171
3569a7,PANTONE 2387,88,56,0,0,#3569A7,53,105,167
175296,PANTONE 2388,100,66,0,0,#175296,23,82,150
519ec5,PANTONE 2389,68,17,8,0,#519EC5,81,158,197
1a7fab,PANTONE 2390,86,31,11,5,#1A7FAB,26,127,171
1183a3,PANTONE 2391,86,23,16,9,#1183A3,17,131,163
296880,PANTONE 2392,87,38,24,19,#296880,41,104,128
0096cd,PANTONE 2393,94,11,5,0,#0096CD,0,150,205
008dce,PANTONE 2394,100,12,0,2,#008DCE,0,141,206
b7418f,PANTONE 2395,26,90,0,0,#B7418F,183,65,143
009db2,PANTONE 2396,91,5,24,0,#009DB2,0,157,178
00a9b3,PANTONE 2397,74,0,29,0,#00A9B3,0,169,179
22aca6,PANTONE 2398,71,0,36,0,#22ACA6,34,172,166
009c96,PANTONE 2399,90,0,43,0,#009C96,0,156,150
00a490,PANTONE 2400,80,0,49,0,#00A490,0,164,144
2aa694,PANTONE 2401,73,4,45,0,#2AA694,42,166,148
00957e,PANTONE 2402,96,0,58,0,#00957E,0,149,126
00857a,PANTONE 2403,100,0,56,11,#00857A,0,133,122
adbd9e,PANTONE 2404,36,12,41,1,#ADBD9E,173,189,158
a92581,PANTONE 2405,36,100,0,0,#A92581,169,37,129
89a086,PANTONE 2406,53,20,53,2,#89A086,137,160,134
6e8b73,PANTONE 2407,61,29,60,3,#6E8B73,110,139,115
4b7851,PANTONE 2408,73,29,75,14,#4B7851,75,120,81
4d6240,PANTONE 2409,72,42,81,22,#4D6240,77,98,64
425a3c,PANTONE 2410,77,46,88,28,#425A3C,66,90,60
223d1e,PANTONE 2411,72,2,100,76,#223D1E,34,61,30
9bc7a5,PANTONE 2412,48,0,45,0,#9BC7A5,155,199,165
58b39a,PANTONE 2413,67,0,53,0,#58B39A,88,179,154
55b07c,PANTONE 2414,70,0,65,0,#55B07C,85,176,124
9e247b,PANTONE 2415,38,100,0,6,#9E247B,158,36,123
3cab79,PANTONE 2416,78,0,68,0,#3CAB79,60,171,121
3da170,PANTONE 2417,79,7,71,2,#3DA170,61,161,112
008845,PANTONE 2418,100,0,97,13,#008845,0,136,69
007b53,PANTONE 2419,97,13,78,16,#007B53,0,123,83
60b066,PANTONE 2420,65,0,73,0,#60B066,96,176,102
65ac3b,PANTONE 2421,65,0,96,0,#65AC3B,101,172,59
2f9e31,PANTONE 2422,80,0,100,0,#2F9E31,47,158,49
329e31,PANTONE 2423,78,0,99,0,#329E31,50,158,49
4b9a2b,PANTONE 2424,69,0,98,7,#4B9A2B,75,154,43
8a2666,PANTONE 2425,40,100,10,26,#8A2666,138,38,102
07571e,PANTONE 2427,87,0,100,50,#07571E,7,87,30
c9afcf,PANTONE 2562,19,35,0,0,#C9AFCF,201,175,207
c3a8cb,PANTONE 2563,22,39,0,0,#C3A8CB,195,168,203
b69bc4,PANTONE 2567,29,45,0,0,#B69BC4,182,155,196
b688b7,PANTONE 2572,29,55,0,0,#B688B7,182,136,183
ad8cbb,PANTONE 2573,35,52,0,0,#AD8CBB,173,140,187
a487ba,PANTONE 2577,40,54,0,0,#A487BA,164,135,186
98579b,PANTONE 2582,48,80,0,0,#98579B,152,87,155
9968a4,PANTONE 2583,47,72,0,0,#9968A4,153,104,164
845fa1,PANTONE 2587,58,76,0,0,#845FA1,132,95,161
8b438f,PANTONE 2592,58,90,0,0,#8B438F,139,67,143
813f8e,PANTONE 2593,66,92,0,0,#813F8E,129,63,142
643385,PANTONE 2597,80,99,0,0,#643385,100,51,133
802d82,PANTONE 2602,65,100,0,0,#802D82,128,45,130
743182,PANTONE 2603,72,99,0,3,#743182,116,49,130
5b2e7e,PANTONE 2607,83,99,0,2,#5B2E7E,91,46,126
762c7c,PANTONE 2612,67,100,0,5,#762C7C,118,44,124
6b2f75,PANTONE 2613,74,99,5,11,#6B2F75,107,47,117
552b75,PANTONE 2617,84,99,0,12,#552B75,85,43,117
632862,PANTONE 2622,65,100,5,40,#632862,99,40,98
612c69,PANTONE 2623,75,100,8,26,#612C69,97,44,105
482960,PANTONE 2627,85,100,6,38,#482960,72,41,96
c0b5d5,PANTONE 2635,24,29,0,0,#C0B5D5,192,181,213
a498c6,PANTONE 2645,40,44,0,0,#A498C6,164,152,198
8677b1,PANTONE 2655,54,61,0,0,#8677B1,134,119,177
6e5ca1,PANTONE 2665,70,76,0,0,#6E5CA1,110,92,161
42337e,PANTONE 2685,90,99,0,8,#42337E,66,51,126
312852,PANTONE 2695,91,100,8,59,#312852,49,40,82
a1a1cc,PANTONE 2705,40,36,0,0,#A1A1CC,161,161,204
c6d3e9,PANTONE 2706,19,10,0,0,#C6D3E9,198,211,233
c6d8ec,PANTONE 2707,20,6,0,0,#C6D8EC,198,216,236
b6c8e4,PANTONE 2708,30,13,0,0,#B6C8E4,182,200,228
8381ba,PANTONE 2715,56,52,0,0,#8381BA,131,129,186
9cabd4,PANTONE 2716,40,29,0,0,#9CABD4,156,171,212
abc1e1,PANTONE 2717,34,15,0,0,#ABC1E1,171,193,225
7489c1,PANTONE 2718,65,45,0,0,#7489C1,116,137,193
63599e,PANTONE 2725,76,76,0,0,#63599E,99,89,158
5166ab,PANTONE 2726,81,70,0,0,#5166AB,81,102,171
6582be,PANTONE 2727,70,47,0,0,#6582BE,101,130,190
4061a6,PANTONE 2728,90,68,0,0,#4061A6,64,97,166
3b3380,PANTONE 2735,97,100,0,4,#3B3380,59,51,128
374393,PANTONE 2736,97,95,0,0,#374393,55,67,147
353d8a,PANTONE 2738,100,92,0,1,#353D8A,53,61,138
362d72,PANTONE 2745,97,100,0,18,#362D72,54,45,114
2f3f90,PANTONE 2746,100,98,0,0,#2F3F90,47,63,144
2b3e85,PANTONE 2747,100,95,0,16,#2B3E85,43,62,133
33367c,PANTONE 2748,100,95,2,10,#33367C,51,54,124
322b6a,PANTONE 2755,97,100,0,30,#322B6A,50,43,106
2d3881,PANTONE 2756,100,98,0,15,#2D3881,45,56,129
29366c,PANTONE 2757,100,95,4,42,#29366C,41,54,108
2e3066,PANTONE 2758,100,95,5,39,#2E3066,46,48,102
2a2853,PANTONE 2765,100,100,9,57,#2A2853,42,40,83
282a55,PANTONE 2766,100,100,6,60,#282A55,40,42,85
262c4a,PANTONE 2767,100,90,10,77,#262C4A,38,44,74
292a4a,PANTONE 2768,100,90,13,71,#292A4A,41,42,74
92ccea,PANTONE 2905,45,1,0,1,#92CCEA,146,204,234
72b7e2,PANTONE 2915,60,9,0,0,#72B7E2,114,183,226
1596d1,PANTONE 2925,85,21,0,0,#1596D1,21,150,209
0068af,PANTONE 2935,100,52,0,0,#0068AF,0,104,175
005e98,PANTONE 2945,100,53,2,16,#005E98,0,94,152
164469,PANTONE 2955,100,60,10,53,#164469,22,68,105
20344b,PANTONE 2965,100,63,16,78,#20344B,32,52,75
a5d7e3,PANTONE 2975,34,0,5,0,#A5D7E3,165,215,227
60c2e0,PANTONE 2985,60,0,3,0,#60C2E0,96,194,224
00ade6,PANTONE 2995,83,1,0,0,#00ADE6,0,173,230
0081c8,PANTONE 3005,100,31,0,0,#0081C8,0,129,200
006da3,PANTONE 3015,100,35,3,21,#006DA3,0,109,163
00597a,PANTONE 3025,100,27,10,56,#00597A,0,89,122
004357,PANTONE 3035,100,30,19,76,#004357,0,67,87
95cfd8,PANTONE 3105,44,0,11,0,#95CFD8,149,207,216
6bc1cf,PANTONE 3115,59,0,14,0,#6BC1CF,107,193,207
00aac3,PANTONE 3125,84,0,18,0,#00AAC3,0,170,195
009bbb,PANTONE 3135,100,0,20,0,#009BBB,0,155,187
007d91,PANTONE 3145,100,10,29,20,#007D91,0,125,145
006c7c,PANTONE 3155,100,9,29,47,#006C7C,0,108,124
005760,PANTONE 3165,100,16,33,66,#005760,0,87,96
9fd2cb,PANTONE 3242,44,0,20,0,#9FD2CB,159,210,203
96cdbf,PANTONE 3245,42,0,24,0,#96CDBF,150,205,191
96d0c8,PANTONE 3248,48,0,22,0,#96D0C8,150,208,200
95cec7,PANTONE 3252,49,0,23,0,#95CEC7,149,206,199
8cc9bf,PANTONE 3255,48,0,25,0,#8CC9BF,140,201,191
81c7b9,PANTONE 3258,59,0,30,0,#81C7B9,129,199,185
4ab7ae,PANTONE 3262,76,0,38,0,#4AB7AE,74,183,174
5dbaa9,PANTONE 3265,66,0,39,0,#5DBAA9,93,186,169
1caf94,PANTONE 3268,86,0,53,0,#1CAF94,28,175,148
00a79f,PANTONE 3272,94,0,48,0,#00A79F,0,167,159
00a890,PANTONE 3275,90,0,52,0,#00A890,0,168,144
00a17e,PANTONE 3278,99,0,69,0,#00A17E,0,161,126
009185,PANTONE 3282,100,4,56,8,#009185,0,145,133
00a389,PANTONE 3285,98,0,59,0,#00A389,0,163,137
008e74,PANTONE 3288,99,3,68,12,#008E74,0,142,116
006759,PANTONE 3292,98,14,65,51,#006759,0,103,89
00836b,PANTONE 3295,100,5,65,26,#00836B,0,131,107
00755f,PANTONE 3298,99,11,72,35,#00755F,0,117,95
1f584b,PANTONE 3302,90,21,65,69,#1F584B,31,88,75
1a5243,PANTONE 3305,92,25,70,68,#1A5243,26,82,67
17493c,PANTONE 3308,94,28,74,73,#17493C,23,73,60
b1d7c4,PANTONE 3375,36,0,24,0,#B1D7C4,177,215,196
a2d1be,PANTONE 3385,43,0,28,0,#A2D1BE,162,209,190
21ad7e,PANTONE 3405,88,0,68,0,#21AD7E,33,173,126
00845a,PANTONE 3415,97,10,86,18,#00845A,0,132,90
1c704d,PANTONE 3425,93,13,85,44,#1C704D,28,112,77
24543d,PANTONE 3435,93,24,85,68,#24543D,36,84,61
f5e97b,PANTONE 3935,2,0,60,0,#F5E97B,245,233,123
f4e42c,PANTONE 3945,3,0,90,0,#F4E42C,244,228,44
f3e200,PANTONE 3955,4,0,100,0,#F3E200,243,226,0
ecdf00,PANTONE 3965,7,0,100,0,#ECDF00,236,223,0
baa905,PANTONE 3975,8,7,100,25,#BAA905,186,169,5
988815,PANTONE 3985,12,13,100,43,#988815,152,136,21
62571d,PANTONE 3995,23,25,100,67,#62571D,98,87,29
645426,PANTONE 4485,24,42,91,75,#645426,100,84,38
8a742e,PANTONE 4495,19,35,90,55,#8A742E,138,116,46
9f893c,PANTONE 4505,16,27,83,42,#9F893C,159,137,60
b4a365,PANTONE 4515,13,19,62,28,#B4A365,180,163,101
c5b784,PANTONE 4525,9,12,47,18,#C5B784,197,183,132
d3c79d,PANTONE 4535,6,8,35,12,#D3C79D,211,199,157
e1d7ae,PANTONE 4545,5,6,30,4,#E1D7AE,225,215,174
553b30,PANTONE 4625,30,72,74,80,#553B30,85,59,48
9e6d44,PANTONE 4635,12,58,81,42,#9E6D44,158,109,68
af8661,PANTONE 4645,11,46,64,30,#AF8661,175,134,97
c09579,PANTONE 4655,8,41,51,20,#C09579,192,149,121
d0ad94,PANTONE 4665,5,30,38,12,#D0AD94,208,173,148
dbc2ac,PANTONE 4675,5,20,28,6,#DBC2AC,219,194,172
e3cdb8,PANTONE 4685,2,15,23,5,#E3CDB8,227,205,184
5a3624,PANTONE 4695,24,85,100,76,#5A3624,90,54,36
775142,PANTONE 4705,24,70,71,58,#775142,119,81,66
916a57,PANTONE 4715,17,59,60,45,#916A57,145,106,87
a98977,PANTONE 4725,13,42,43,31,#A98977,169,137,119
c5aa9c,PANTONE 4735,7,28,27,16,#C5AA9C,197,170,156
ccb5a6,PANTONE 4745,5,22,23,14,#CCB5A6,204,181,166
d9c6b6,PANTONE 4755,3,16,20,9,#D9C6B6,217,198,182
452b29,PANTONE 4975,36,84,59,85,#452B29,69,43,41
874f58,PANTONE 4985,22,74,38,47,#874F58,135,79,88
9a656c,PANTONE 4995,15,62,30,38,#9A656C,154,101,108
ad7a7f,PANTONE 5005,10,52,25,29,#AD7A7F,173,122,127
cfa6a9,PANTONE 5015,5,35,14,10,#CFA6A9,207,166,169
d8b1b2,PANTONE 5025,3,30,13,7,#D8B1B2,216,177,178
e6cacb,PANTONE 5035,1,18,8,3,#E6CACB,230,202,203
552d41,PANTONE 5115,51,91,21,70,#552D41,85,45,65
744364,PANTONE 5125,42,81,11,49,#744364,116,67,100
8c607e,PANTONE 5135,36,68,10,31,#8C607E,140,96,126
a4809d,PANTONE 5145,25,51,5,20,#A4809D,164,128,157
c7aec3,PANTONE 5155,13,31,2,8,#C7AEC3,199,174,195
dbc9d5,PANTONE 5165,7,19,2,3,#DBC9D5,219,201,213
dfcfd8,PANTONE 5175,5,16,2,3,#DFCFD8,223,207,216
493140,PANTONE 5185,53,81,26,75,#493140,73,49,64
664559,PANTONE 5195,44,74,21,58,#664559,102,69,89
89687e,PANTONE 5205,30,59,13,41,#89687E,137,104,126
b398a9,PANTONE 5215,15,38,7,22,#B398A9,179,152,169
cab5c1,PANTONE 5225,8,25,4,14,#CAB5C1,202,181,193
d8c7ce,PANTONE 5235,5,18,4,8,#D8C7CE,216,199,206
e1d7d8,PANTONE 5245,3,10,3,5,#E1D7D8,225,215,216
2b2338,PANTONE 5255,97,100,15,72,#2B2338,43,35,56
3d3a61,PANTONE 5265,86,83,9,45,#3D3A61,61,58,97
51527b,PANTONE 5275,74,68,7,31,#51527B,81,82,123
8a8aa8,PANTONE 5285,44,40,5,15,#8A8AA8,138,138,168
aeafc5,PANTONE 5295,26,22,2,9,#AEAFC5,174,175,197
c2c2d2,PANTONE 5305,18,15,2,6,#C2C2D2,194,194,210
d5d7e0,PANTONE 5315,10,7,1,4,#D5D7E0,213,215,224
202b34,PANTONE 5395,100,71,39,90,#202B34,32,43,52
486d87,PANTONE 5405,68,35,17,40,#486D87,72,109,135
5f849c,PANTONE 5415,56,24,11,34,#5F849C,95,132,156
7b9cb1,PANTONE 5425,45,16,9,24,#7B9CB1,123,156,177
a2baca,PANTONE 5435,31,8,6,11,#A2BACA,162,186,202
bbcad6,PANTONE 5445,21,5,4,8,#BBCAD6,187,202,214
c9d5da,PANTONE 5455,17,4,6,4,#C9D5DA,201,213,218
1b2f34,PANTONE 5463,100,45,38,90,#1B2F34,27,47,52
233b37,PANTONE 5467,86,33,57,92,#233B37,35,59,55
16666f,PANTONE 5473,86,20,32,51,#16666F,22,102,111
43625c,PANTONE 5477,66,24,43,66,#43625C,67,98,92
508e96,PANTONE 5483,65,11,25,27,#508E96,80,142,150
607d77,PANTONE 5487,51,16,35,50,#607D77,96,125,119
7badb6,PANTONE 5493,47,4,16,16,#7BADB6,123,173,182
859e9b,PANTONE 5497,38,9,23,32,#859E9B,133,158,155
92bdc1,PANTONE 5503,39,2,14,10,#92BDC1,146,189,193
a6bab7,PANTONE 5507,27,5,17,18,#A6BAB7,166,186,183
accdd1,PANTONE 5513,29,1,10,5,#ACCDD1,172,205,209
bbc9c4,PANTONE 5517,20,4,13,10,#BBC9C4,187,201,196
c3dadb,PANTONE 5523,22,1,9,2,#C3DADB,195,218,219
cbd5cf,PANTONE 5527,12,2,9,8,#CBD5CF,203,213,207
273b33,PANTONE 5535,79,34,62,84,#273B33,39,59,51
4e6e60,PANTONE 5545,62,19,45,50,#4E6E60,78,110,96
6c8a78,PANTONE 5555,51,12,39,37,#6C8A78,108,138,120
849e8c,PANTONE 5565,44,12,34,24,#849E8C,132,158,140
9bb2a2,PANTONE 5575,37,9,28,13,#9BB2A2,155,178,162
bdccbf,PANTONE 5585,23,3,19,8,#BDCCBF,189,204,191
c9d5c8,PANTONE 5595,20,3,17,4,#C9D5C8,201,213,200
26392d,PANTONE 5605,82,36,83,90,#26392D,38,57,45
5f7763,PANTONE 5615,52,16,52,54,#5F7763,95,119,99
788a7a,PANTONE 5625,46,18,44,37,#788A7A,120,138,122
97a798,PANTONE 5635,34,10,33,20,#97A798,151,167,152
abbbae,PANTONE 5645,26,6,24,12,#ABBBAE,171,187,174
b8c5b7,PANTONE 5655,20,4,20,9,#B8C5B7,184,197,183
c6d1c5,PANTONE 5665,14,2,15,7,#C6D1C5,198,209,197
45522e,PANTONE 5743,54,24,86,73,#45522E,69,82,46
414823,PANTONE 5747,50,27,98,76,#414823,65,72,35
67703f,PANTONE 5753,42,16,80,58,#67703F,103,112,63
6e742f,PANTONE 5757,34,12,91,54,#6E742F,110,116,47
8b904b,PANTONE 5767,31,11,76,35,#8B904B,139,144,75
959c72,PANTONE 5773,29,10,52,32,#959C72,149,156,114
a3a76d,PANTONE 5777,26,9,56,20,#A3A76D,163,167,109
aab08d,PANTONE 5783,24,8,41,19,#AAB08D,170,176,141
bdc293,PANTONE 5787,18,4,41,10,#BDC293,189,194,147
bbbe9e,PANTONE 5793,19,6,34,12,#BBBE9E,187,190,158
c5c79a,PANTONE 5797,15,4,37,9,#C5C79A,197,199,154
cbd0b3,PANTONE 5803,12,2,24,9,#CBD0B3,203,208,179
d6d7b5,PANTONE 5807,11,3,25,3,#D6D7B5,214,215,181
575122,PANTONE 5815,35,30,100,75,#575122,87,81,34
8c8539,PANTONE 5825,22,15,86,47,#8C8539,140,133,57
a59f5a,PANTONE 5835,18,11,70,32,#A59F5A,165,159,90
afaa6b,PANTONE 5845,18,10,60,23,#AFAA6B,175,170,107
c4c18e,PANTONE 5855,12,5,44,15,#C4C18E,196,193,142
d0ce9e,PANTONE 5865,9,3,37,10,#D0CE9E,208,206,158
d7d3aa,PANTONE 5875,9,4,31,5,#D7D3AA,215,211,170
f8e9be,PANTONE 7401,0,4,27,0,#F8E9BE,248,233,190
f1e19b,PANTONE 7402,1,4,45,1,#F1E19B,241,225,155
edd27c,PANTONE 7403,1,11,58,2,#EDD27C,237,210,124
fada46,PANTONE 7404,0,8,86,0,#FADA46,250,218,70
f3d01c,PANTONE 7405,0,11,97,2,#F3D01C,243,208,28
efc111,PANTONE 7406,0,20,100,2,#EFC111,239,193,17
cd9e4a,PANTONE 7407,6,36,79,12,#CD9E4A,205,158,74
f3ba16,PANTONE 7408,0,29,100,0,#F3BA16,243,186,22
f2b715,PANTONE 7409,0,31,100,0,#F2B715,242,183,21
edac71,PANTONE 7410,0,41,59,0,#EDAC71,237,172,113
e8a552,PANTONE 7411,0,42,75,2,#E8A552,232,165,82
cf7e24,PANTONE 7412,2,58,96,10,#CF7E24,207,126,36
da8020,PANTONE 7413,1,60,98,4,#DA8020,218,128,32
ba6a23,PANTONE 7414,6,66,100,21,#BA6A23,186,106,35
ecc1ad,PANTONE 7415,0,28,26,1,#ECC1AD,236,193,173
e17152,PANTONE 7416,0,72,70,0,#E17152,225,113,82
da573c,PANTONE 7417,1,83,85,0,#DA573C,218,87,60
c55058,PANTONE 7418,8,83,55,5,#C55058,197,80,88
ad5463,PANTONE 7419,9,76,40,26,#AD5463,173,84,99
a12746,PANTONE 7420,13,100,54,30,#A12746,161,39,70
6d2439,PANTONE 7421,18,100,45,67,#6D2439,109,36,57
f2d9de,PANTONE 7422,0,16,3,0,#F2D9DE,242,217,222
e17494,PANTONE 7423,0,73,15,0,#E17494,225,116,148
dc4b89,PANTONE 7424,0,90,9,0,#DC4B89,220,75,137
bd3362,PANTONE 7425,6,96,32,13,#BD3362,189,51,98
b12b50,PANTONE 7426,5,99,44,22,#B12B50,177,43,80
a12c36,PANTONE 7427,8,100,70,33,#A12C36,161,44,54
6d273c,PANTONE 7428,20,96,36,62,#6D273C,109,39,60
e5bfcf,PANTONE 7429,1,26,1,1,#E5BFCF,229,191,207
dea8c1,PANTONE 7430,2,38,1,2,#DEA8C1,222,168,193
ce80a2,PANTONE 7431,4,54,4,7,#CE80A2,206,128,162
bc5c84,PANTONE 7432,8,73,9,15,#BC5C84,188,92,132
af396a,PANTONE 7433,8,90,16,24,#AF396A,175,57,106
a02e5a,PANTONE 7434,11,94,25,34,#A02E5A,160,46,90
8b2451,PANTONE 7435,15,100,21,48,#8B2451,139,36,81
ebd8e4,PANTONE 7436,2,14,0,0,#EBD8E4,235,216,228
d0afce,PANTONE 7437,14,35,0,0,#D0AFCE,208,175,206
c899c1,PANTONE 7438,18,47,0,0,#C899C1,200,153,193
b98dbc,PANTONE 7439,27,52,0,0,#B98DBC,185,141,188
aa7eb3,PANTONE 7440,36,60,0,0,#AA7EB3,170,126,179
9c6ba8,PANTONE 7441,44,70,0,0,#9C6BA8,156,107,168
854893,PANTONE 7442,58,87,0,0,#854893,133,72,147
dadae7,PANTONE 7443,9,8,0,1,#DADAE7,218,218,231
b8bbda,PANTONE 7444,27,21,0,0,#B8BBDA,184,187,218
a3a1c8,PANTONE 7445,36,33,0,3,#A3A1C8,163,161,200
918fc2,PANTONE 7446,50,46,0,0,#918FC2,145,143,194
5e4b84,PANTONE 7447,77,85,6,18,#5E4B84,94,75,132
503e55,PANTONE 7448,67,79,24,59,#503E55,80,62,85
3f2537,PANTONE 7449,65,98,21,83,#3F2537,63,37,55
c0cbe3,PANTONE 7450,25,13,0,0,#C0CBE3,192,203,227
9ab1d7,PANTONE 7451,46,23,0,0,#9AB1D7,154,177,215
8a9bca,PANTONE 7452,55,37,0,0,#8A9BCA,138,155,202
8baad4,PANTONE 7453,53,26,0,0,#8BAAD4,139,170,212
6c95b5,PANTONE 7454,62,23,4,12,#6C95B5,108,149,181
4967ab,PANTONE 7455,90,66,0,0,#4967AB,73,103,171
6d79b6,PANTONE 7456,72,55,0,0,#6D79B6,109,121,182
d0e6e8,PANTONE 7457,18,0,5,0,#D0E6E8,208,230,232
77b6c9,PANTONE 7458,53,3,8,9,#77B6C9,119,182,201
499fbc,PANTONE 7459,72,9,9,13,#499FBC,73,159,188
0092c9,PANTONE 7460,100,6,2,10,#0092C9,0,146,201
0089c7,PANTONE 7461,98,24,1,3,#0089C7,0,137,199
005f90,PANTONE 7462,100,48,6,30,#005F90,0,95,144
1c3a56,PANTONE 7463,100,63,12,67,#1C3A56,28,58,86
add6cf,PANTONE 7464,35,0,18,0,#ADD6CF,173,214,207
76c2b1,PANTONE 7465,58,0,36,0,#76C2B1,118,194,177
00aeb3,PANTONE 7466,86,0,32,0,#00AEB3,0,174,179
00a6b5,PANTONE 7467,97,0,30,0,#00A6B5,0,166,181
007a9f,PANTONE 7468,90,18,7,29,#007A9F,0,122,159
006187,PANTONE 7469,100,31,8,42,#006187,0,97,135
005d6f,PANTONE 7470,96,20,25,53,#005D6F,0,93,111
a9d3cf,PANTONE 7471,37,0,17,0,#A9D3CF,169,211,207
79c2be,PANTONE 7472,54,0,27,0,#79C2BE,121,194,190
3fa294,PANTONE 7473,75,5,48,3,#3FA294,63,162,148
007b8c,PANTONE 7474,96,9,32,29,#007B8C,0,123,140
4b8388,PANTONE 7475,69,12,30,36,#4B8388,75,131,136
12525b,PANTONE 7476,89,22,34,65,#12525B,18,82,91
214e5f,PANTONE 7477,86,29,21,67,#214E5F,33,78,95
bedac5,PANTONE 7478,28,0,25,0,#BEDAC5,190,218,197
82bf8c,PANTONE 7479,56,0,58,0,#82BF8C,130,191,140
51b17c,PANTONE 7480,75,0,71,0,#51B17C,81,177,124
33aa66,PANTONE 7481,82,0,86,0,#33AA66,51,170,102
00a25a,PANTONE 7482,90,0,93,0,#00A25A,0,162,90
295f42,PANTONE 7483,82,16,85,56,#295F42,41,95,66
e6ebce,PANTONE 7485,9,0,18,0,#E6EBCE,230,235,206
c4d899,PANTONE 7486,28,0,45,0,#C4D899,196,216,153
a9cb77,PANTONE 7487,42,0,62,0,#A9CB77,169,203,119
92bf55,PANTONE 7488,52,0,82,0,#92BF55,146,191,85
7faf5c,PANTONE 7489,56,2,78,5,#7FAF5C,127,175,92
769b3d,PANTONE 7490,57,6,92,19,#769B3D,118,155,61
7a8933,PANTONE 7491,47,11,92,39,#7A8933,122,137,51
d2d692,PANTONE 7492,17,1,47,3,#D2D692,210,214,146
c2ca95,PANTONE 7493,25,4,44,3,#C2CA95,194,202,149
a3b48d,PANTONE 7494,35,5,42,14,#A3B48D,163,180,141
8d9b20,PANTONE 7495,42,5,98,29,#8D9B20,141,155,32
788920,PANTONE 7496,46,6,100,42,#788920,120,137,32
7f7457,PANTONE 7497,22,23,47,57,#7F7457,127,116,87
585a28,PANTONE 7498,46,23,84,68,#585A28,88,90,40
f5e9bd,PANTONE 7499,1,2,24,0,#F5E9BD,245,233,189
e9dbb3,PANTONE 7500,3,5,26,2,#E9DBB3,233,219,179
e1cda6,PANTONE 7501,6,10,30,2,#E1CDA6,225,205,166
d6bc8d,PANTONE 7502,6,14,39,8,#D6BC8D,214,188,141
b29e69,PANTONE 7503,10,15,50,29,#B29E69,178,158,105
977653,PANTONE 7504,17,36,52,38,#977653,151,118,83
87623e,PANTONE 7505,17,44,62,49,#87623E,135,98,62
f2dbb3,PANTONE 7506,0,7,25,1,#F2DBB3,242,219,179
f4d1a1,PANTONE 7507,0,13,35,0,#F4D1A1,244,209,161
e2bc83,PANTONE 7508,2,19,46,4,#E2BC83,226,188,131
daab68,PANTONE 7509,4,29,57,4,#DAAB68,218,171,104
ca8f44,PANTONE 7510,5,41,77,10,#CA8F44,202,143,68
b5701e,PANTONE 7511,5,52,100,24,#B5701E,181,112,30
a9641e,PANTONE 7512,7,58,100,30,#A9641E,169,100,30
ebbfa6,PANTONE 7513,0,26,26,1,#EBBFA6,235,191,166
d6a58b,PANTONE 7514,3,35,36,5,#D6A58B,214,165,139
c79171,PANTONE 7515,5,43,49,11,#C79171,199,145,113
9a5430,PANTONE 7516,11,72,92,36,#9A5430,154,84,48
884728,PANTONE 7517,11,78,100,50,#884728,136,71,40
6e5049,PANTONE 7518,21,56,49,60,#6E5049,110,80,73
5e5145,PANTONE 7519,24,42,45,68,#5E5145,94,81,69
eac2b1,PANTONE 7520,1,26,21,0,#EAC2B1,234,194,177
c7a38e,PANTONE 7521,6,32,32,12,#C7A38E,199,163,142
b8705b,PANTONE 7522,8,62,54,16,#B8705B,184,112,91
ad655f,PANTONE 7523,10,67,49,23,#AD655F,173,101,95
a6514a,PANTONE 7524,12,78,62,25,#A6514A,166,81,74
a16a4d,PANTONE 7525,13,56,61,32,#A16A4D,161,106,77
8f3b21,PANTONE 7526,9,83,100,46,#8F3B21,143,59,33
dcd6c1,PANTONE 7527,3,4,14,8,#DCD6C1,220,214,193
cabfad,PANTONE 7528,5,10,17,16,#CABFAD,202,191,173
bfb19f,PANTONE 7529,7,14,20,22,#BFB19F,191,177,159
ad9f8a,PANTONE 7530,10,18,25,32,#AD9F8A,173,159,138
897863,PANTONE 7531,16,29,38,53,#897863,137,120,99
6c5e4b,PANTONE 7532,23,37,45,65,#6C5E4B,108,94,75
493b29,PANTONE 7533,37,53,68,83,#493B29,73,59,41
d8d3bf,PANTONE 7534,5,5,15,8,#D8D3BF,216,211,191
beb7a0,PANTONE 7535,10,11,23,19,#BEB7A0,190,183,160
ada589,PANTONE 7536,11,13,30,32,#ADA589,173,165,137
abb1a1,PANTONE 7537,18,8,20,24,#ABB1A1,171,177,161
989f8f,PANTONE 7538,24,11,24,33,#989F8F,152,159,143
929790,PANTONE 7539,24,13,18,38,#929790,146,151,144
525657,PANTONE 7540,41,28,22,70,#525657,82,86,87
dce5e4,PANTONE 7541,7,1,3,2,#DCE5E4,220,229,228
a5bbc0,PANTONE 7542,24,4,8,13,#A5BBC0,165,187,192
98a5ae,PANTONE 7543,24,9,8,22,#98A5AE,152,165,174
788995,PANTONE 7544,35,14,11,34,#788995,120,137,149
3d5265,PANTONE 7545,58,32,18,54,#3D5265,61,82,101
2c3c4c,PANTONE 7546,73,45,24,66,#2C3C4C,44,60,76
1d232e,PANTONE 7547,99,74,31,84,#1D232E,29,35,46
f6d03a,PANTONE 7548,0,12,98,0,#F6D03A,246,208,58
ecbb33,PANTONE 7549,0,22,100,2,#ECBB33,236,187,51
d69d2a,PANTONE 7550,0,34,98,12,#D69D2A,214,157,42
b88322,PANTONE 7551,0,40,96,32,#B88322,184,131,34
755c21,PANTONE 7552,19,42,100,59,#755C21,117,92,33
5a4a2e,PANTONE 7553,26,46,76,72,#5A4A2E,90,74,46
473b2d,PANTONE 7554,37,53,68,81,#473B2D,71,59,45
dba810,PANTONE 7555,0,28,98,11,#DBA810,219,168,16
be921f,PANTONE 7556,7,35,99,19,#BE921F,190,146,31
a28221,PANTONE 7557,11,31,100,37,#A28221,162,130,33
997826,PANTONE 7558,13,36,95,41,#997826,153,120,38
916f25,PANTONE 7559,14,39,95,46,#916F25,145,111,37
7e6523,PANTONE 7560,19,37,95,55,#7E6523,126,101,35
6a5625,PANTONE 7561,21,40,90,64,#6A5625,106,86,37
be9a54,PANTONE 7562,8,29,66,19,#BE9A54,190,154,84
dea531,PANTONE 7563,0,32,87,8,#DEA531,222,165,49
e09517,PANTONE 7564,0,45,100,4,#E09517,224,149,23
d28122,PANTONE 7565,0,53,98,11,#D28122,210,129,34
b4652a,PANTONE 7566,7,67,98,23,#B4652A,180,101,42
855026,PANTONE 7567,10,66,98,57,#855026,133,80,38
744724,PANTONE 7568,15,67,100,65,#744724,116,71,36
dd9224,PANTONE 7569,0,45,100,6,#DD9224,221,146,36
d68a28,PANTONE 7570,0,48,98,10,#D68A28,214,138,40
c88127,PANTONE 7571,0,48,97,21,#C88127,200,129,39
ba772c,PANTONE 7572,0,50,93,32,#BA772C,186,119,44
a86932,PANTONE 7573,10,55,89,33,#A86932,168,105,50
a1672b,PANTONE 7574,12,55,92,36,#A1672B,161,103,43
865a23,PANTONE 7575,14,53,94,55,#865A23,134,90,35
db8d4c,PANTONE 7576,6,50,76,0,#DB8D4C,219,141,76
df844f,PANTONE 7577,2,55,69,0,#DF844F,223,132,79
e06e1e,PANTONE 7578,0,67,100,0,#E06E1E,224,110,30
de6225,PANTONE 7579,0,74,100,0,#DE6225,222,98,37
c45729,PANTONE 7580,0,77,97,15,#C45729,196,87,41
7f4a35,PANTONE 7581,0,64,70,60,#7F4A35,127,74,53
664630,PANTONE 7582,0,49,66,75,#664630,102,70,48
c86426,PANTONE 7583,0,69,98,12,#C86426,200,100,38
b75c2f,PANTONE 7585,0,67,90,24,#B75C2F,183,92,47
a0512a,PANTONE 7586,0,69,89,41,#A0512A,160,81,42
974c28,PANTONE 7587,0,70,89,48,#974C28,151,76,40
7a4c30,PANTONE 7588,0,55,69,65,#7A4C30,122,76,48
51392c,PANTONE 7589,30,67,65,74,#51392C,81,57,44
d2b69e,PANTONE 7590,11,27,33,0,#D2B69E,210,182,158
c18055,PANTONE 7591,17,54,68,0,#C18055,193,128,85
b65a30,PANTONE 7592,0,69,85,24,#B65A30,182,90,48
9c3e25,PANTONE 7593,0,79,91,40,#9C3E25,156,62,37
793b2b,PANTONE 7594,0,67,70,60,#793B2B,121,59,43
71402a,PANTONE 7595,0,57,69,66,#71402A,113,64,42
4e2b1f,PANTONE 7596,28,79,90,76,#4E2B1F,78,43,31
d14825,PANTONE 7597,0,85,100,4,#D14825,209,72,37
c74928,PANTONE 7598,0,85,100,10,#C74928,199,73,40
bb4628,PANTONE 7599,0,85,98,20,#BB4628,187,70,40
8b422f,PANTONE 7600,0,78,83,55,#8B422F,139,66,47
84412a,PANTONE 7601,14,82,100,50,#84412A,132,65,42
77472b,PANTONE 7602,11,68,95,62,#77472B,119,71,43
643f28,PANTONE 7603,16,69,98,73,#643F28,100,63,40
ebdbd8,PANTONE 7604,0,8,5,4,#EBDBD8,235,219,216
e5c0b8,PANTONE 7605,0,22,15,4,#E5C0B8,229,192,184
da9b8f,PANTONE 7606,0,41,29,6,#DA9B8F,218,155,143
c56c5f,PANTONE 7607,0,59,49,14,#C56C5F,197,108,95
ab4938,PANTONE 7608,0,76,72,31,#AB4938,171,73,56
88382f,PANTONE 7609,0,81,73,54,#88382F,136,56,47
68322d,PANTONE 7610,0,77,60,72,#68322D,104,50,45
e4c4b8,PANTONE 7611,0,19,17,6,#E4C4B8,228,196,184
d0a392,PANTONE 7612,14,39,37,0,#D0A392,208,163,146
c18f7e,PANTONE 7613,21,47,46,0,#C18F7E,193,143,126
ac877a,PANTONE 7614,35,50,49,0,#AC877A,172,135,122
83635c,PANTONE 7615,50,61,57,13,#83635C,131,99,92
755753,PANTONE 7616,50,65,57,28,#755753,117,87,83
5b3f3c,PANTONE 7617,44,69,58,60,#5B3F3C,91,63,60
cb734f,PANTONE 7618,12,63,72,0,#CB734F,203,115,79
c85534,PANTONE 7619,0,78,85,12,#C85534,200,85,52
b1302a,PANTONE 7620,0,95,94,28,#B1302A,177,48,42
af2f2c,PANTONE 7621,0,98,91,30,#AF2F2C,175,47,44
9d302b,PANTONE 7622,0,97,89,45,#9D302B,157,48,43
912d29,PANTONE 7623,0,97,87,53,#912D29,145,45,41
832926,PANTONE 7624,0,97,87,60,#832926,131,41,38
dd583d,PANTONE 7625,0,82,80,0,#DD583D,221,88,61
d53c2b,PANTONE 7626,0,93,95,2,#D53C2B,213,60,43
b23730,PANTONE 7627,5,94,88,22,#B23730,178,55,48
a33736,PANTONE 7628,8,93,78,33,#A33736,163,55,54
6f3631,PANTONE 7629,23,87,73,61,#6F3631,111,54,49
63342a,PANTONE 7630,26,86,80,69,#63342A,99,52,42
5e3638,PANTONE 7631,29,82,50,73,#5E3638,94,54,56
e1d2d2,PANTONE 7632,0,9,4,8,#E1D2D2,225,210,210
cba9ad,PANTONE 7633,0,27,9,18,#CBA9AD,203,169,173
c7738a,PANTONE 7634,15,68,23,0,#C7738A,199,115,138
c93e6b,PANTONE 7635,0,90,25,8,#C93E6B,201,62,107
c02250,PANTONE 7636,0,100,45,12,#C02250,192,34,80
932c46,PANTONE 7637,0,93,38,45,#932C46,147,44,70
892e45,PANTONE 7638,0,91,33,52,#892E45,137,46,69
997378,PANTONE 7639,0,42,15,48,#997378,153,115,120
9c495d,PANTONE 7640,0,79,24,41,#9C495D,156,73,93
95274d,PANTONE 7641,0,95,27,44,#95274D,149,39,77
722f4b,PANTONE 7642,0,86,5,64,#722F4B,114,47,75
6c2e4a,PANTONE 7643,0,84,2,70,#6C2E4A,108,46,74
5b2b42,PANTONE 7644,5,81,0,79,#5B2B42,91,43,66
542b3f,PANTONE 7645,9,79,0,82,#542B3F,84,43,63
ad768a,PANTONE 7646,33,61,26,0,#AD768A,173,118,138
ac4679,PANTONE 7647,31,88,18,0,#AC4679,172,70,121
9f1a6e,PANTONE 7648,22,100,0,16,#9F1A6E,159,26,110
921e6c,PANTONE 7649,30,100,0,20,#921E6C,146,30,108
79215e,PANTONE 7650,34,98,0,41,#79215E,121,33,94
6d2b5f,PANTONE 7651,42,92,0,47,#6D2B5F,109,43,95
69295a,PANTONE 7652,42,92,0,50,#69295A,105,41,90
a092a1,PANTONE 7653,8,21,0,40,#A092A1,160,146,161
ac82a2,PANTONE 7654,34,55,10,0,#AC82A2,172,130,162
ac669f,PANTONE 7655,33,72,0,0,#AC669F,172,102,159
943c84,PANTONE 7656,45,90,0,4,#943C84,148,60,132
742966,PANTONE 7657,47,94,0,36,#742966,116,41,102
6f3463,PANTONE 7658,40,86,0,50,#6F3463,111,52,99
603857,PANTONE 7659,32,75,0,64,#603857,96,56,87
a39aac,PANTONE 7660,37,37,17,0,#A39AAC,163,154,172
90729b,PANTONE 7661,47,60,12,0,#90729B,144,114,155
7d488d,PANTONE 7662,60,87,5,0,#7D488D,125,72,141
6c2f7d,PANTONE 7663,69,100,0,8,#6C2F7D,108,47,125
632e79,PANTONE 7664,74,100,0,10,#632E79,99,46,121
5d396f,PANTONE 7665,64,84,0,32,#5D396F,93,57,111
605062,PANTONE 7666,75,80,50,0,#605062,96,80,98
6b80a2,PANTONE 7667,64,47,16,0,#6B80A2,107,128,162
6c73a5,PANTONE 7668,67,56,8,0,#6C73A5,108,115,165
6262a2,PANTONE 7669,73,66,0,2,#6262A2,98,98,162
59599e,PANTONE 7670,80,74,0,0,#59599E,89,89,158
534b90,PANTONE 7671,83,81,0,4,#534B90,83,75,144
4d468c,PANTONE 7672,85,84,0,6,#4D468C,77,70,140
555887,PANTONE 7673,81,74,16,0,#555887,85,88,135
8891bb,PANTONE 7674,50,41,4,0,#8891BB,136,145,187
8085b1,PANTONE 7675,55,48,6,0,#8085B1,128,133,177
776aa3,PANTONE 7676,61,64,3,0,#776AA3,119,106,163
72569b,PANTONE 7677,68,78,0,0,#72569B,114,86,155
6c4b94,PANTONE 7678,74,85,0,0,#6C4B94,108,75,148
5a3586,PANTONE 7679,87,97,0,0,#5A3586,90,53,134
532e79,PANTONE 7680,87,99,0,8,#532E79,83,46,121
9aadd0,PANTONE 7681,42,23,2,0,#9AADD0,154,173,208
6e8ec0,PANTONE 7682,63,37,2,0,#6E8EC0,110,142,192
456db0,PANTONE 7683,83,55,0,0,#456DB0,69,109,176
2e59a0,PANTONE 7685,95,69,0,0,#2E59A0,46,89,160
224d8f,PANTONE 7686,100,73,0,10,#224D8F,34,77,143
264583,PANTONE 7687,100,78,0,18,#264583,38,69,131
5da6d0,PANTONE 7688,69,19,4,0,#5DA6D0,93,166,208
489ac5,PANTONE 7689,77,25,6,0,#489AC5,72,154,197
007faf,PANTONE 7690,95,41,10,0,#007FAF,0,127,175
00679e,PANTONE 7691,100,43,0,30,#00679E,0,103,158
005b8d,PANTONE 7692,100,45,0,45,#005B8D,0,91,141
165077,PANTONE 7693,100,57,9,47,#165077,22,80,119
124a70,PANTONE 7694,100,57,9,52,#124A70,18,74,112
94b6c5,PANTONE 7695,43,9,8,8,#94B6C5,148,182,197
6e9eb0,PANTONE 7696,56,9,9,21,#6E9EB0,110,158,176
5b8a9e,PANTONE 7697,76,34,21,0,#5B8A9E,91,138,158
477691,PANTONE 7698,65,9,0,53,#477691,71,118,145
366884,PANTONE 7699,73,13,0,57,#366884,54,104,132
1a6080,PANTONE 7700,84,17,0,57,#1A6080,26,96,128
005f82,PANTONE 7701,89,14,0,56,#005F82,0,95,130
4eadc7,PANTONE 7702,68,1,8,8,#4EADC7,78,173,199
1aa1bd,PANTONE 7703,79,2,10,11,#1AA1BD,26,161,189
008aaf,PANTONE 7704,93,4,8,24,#008AAF,0,138,175
007199,PANTONE 7705,100,13,5,41,#007199,0,113,153
006d8e,PANTONE 7706,100,16,10,44,#006D8E,0,109,142
006481,PANTONE 7707,100,18,12,52,#006481,0,100,129
005a76,PANTONE 7708,100,18,12,59,#005A76,0,90,118
62b5bb,PANTONE 7709,62,0,18,6,#62B5BB,98,181,187
00afba,PANTONE 7710,81,0,23,0,#00AFBA,0,175,186
0099a9,PANTONE 7711,98,0,28,4,#0099A9,0,153,169
00889b,PANTONE 7712,100,0,28,20,#00889B,0,136,155
008293,PANTONE 7713,100,0,30,26,#008293,0,130,147
007481,PANTONE 7714,96,0,30,45,#007481,0,116,129
00666f,PANTONE 7715,97,0,35,57,#00666F,0,102,111
009f97,PANTONE 7716,83,0,40,11,#009F97,0,159,151
008e85,PANTONE 7717,96,0,47,19,#008E85,0,142,133
007b75,PANTONE 7718,98,0,48,40,#007B75,0,123,117
00726b,PANTONE 7719,96,0,49,50,#00726B,0,114,107
006761,PANTONE 7720,89,0,45,60,#006761,0,103,97
005f5b,PANTONE 7721,89,0,43,65,#005F5B,0,95,91
00534f,PANTONE 7722,89,0,45,72,#00534F,0,83,79
58aa83,PANTONE 7723,69,0,54,7,#58AA83,88,170,131
279b6f,PANTONE 7724,82,0,67,11,#279B6F,39,155,111
008c55,PANTONE 7725,97,0,86,15,#008C55,0,140,85
007f47,PANTONE 7726,100,0,93,29,#007F47,0,127,71
00703e,PANTONE 7727,100,0,94,46,#00703E,0,112,62
006848,PANTONE 7728,93,0,75,55,#006848,0,104,72
00583f,PANTONE 7729,95,0,75,65,#00583F,0,88,63
589c63,PANTONE 7730,68,0,71,18,#589C63,88,156,99
39904a,PANTONE 7731,79,0,89,22,#39904A,57,144,74
02833f,PANTONE 7732,89,0,96,30,#02833F,2,131,63
007540,PANTONE 7733,89,0,91,43,#007540,0,117,64
275d3a,PANTONE 7734,77,0,82,65,#275D3A,39,93,58
36553a,PANTONE 7735,59,0,69,75,#36553A,54,85,58
35513e,PANTONE 7736,56,0,58,78,#35513E,53,81,62
74aa35,PANTONE 7737,60,0,98,7,#74AA35,116,170,53
53a63a,PANTONE 7738,74,0,98,2,#53A63A,83,166,58
3d9e3e,PANTONE 7739,78,0,95,5,#3D9E3E,61,158,62
46973a,PANTONE 7740,75,0,95,15,#46973A,70,151,58
438a34,PANTONE 7741,76,4,100,21,#438A34,67,138,52
48782d,PANTONE 7742,71,5,100,45,#48782D,72,120,45
46712b,PANTONE 7743,71,8,100,50,#46712B,70,113,43
c4c626,PANTONE 7744,18,0,98,10,#C4C626,196,198,38
afb038,PANTONE 7745,16,0,91,28,#AFB038,175,176,56
9da03c,PANTONE 7746,17,0,88,39,#9DA03C,157,160,60
8a8f3b,PANTONE 7747,19,0,86,48,#8A8F3B,138,143,59
82863c,PANTONE 7748,20,2,86,50,#82863C,130,134,60
747429,PANTONE 7749,25,12,97,52,#747429,116,116,41
686629,PANTONE 7750,25,15,94,58,#686629,104,102,41
d0bc5a,PANTONE 7751,2,7,75,17,#D0BC5A,208,188,90
d4b640,PANTONE 7752,2,13,88,14,#D4B640,212,182,64
c4a229,PANTONE 7753,0,17,94,27,#C4A229,196,162,41
a18838,PANTONE 7754,0,16,85,50,#A18838,161,136,56
867337,PANTONE 7755,0,14,78,62,#867337,134,115,55
786734,PANTONE 7756,0,14,75,70,#786734,120,103,52
6a603d,PANTONE 7757,0,8,58,77,#6A603D,106,96,61
decc08,PANTONE 7758,1,0,97,14,#DECC08,222,204,8
cabb15,PANTONE 7759,6,3,100,20,#CABB15,202,187,21
918329,PANTONE 7760,16,17,97,48,#918329,145,131,41
807a39,PANTONE 7761,22,15,86,55,#807A39,128,122,57
676a3e,PANTONE 7762,40,20,80,60,#676A3E,103,106,62
5a5c36,PANTONE 7763,46,26,84,66,#5A5C36,90,92,54
585834,PANTONE 7764,46,29,84,68,#585834,88,88,52
c3b91f,PANTONE 7765,14,4,100,16,#C3B91F,195,185,31
b8ae22,PANTONE 7766,14,5,100,24,#B8AE22,184,174,34
a99a25,PANTONE 7767,14,12,100,34,#A99A25,169,154,37
998944,PANTONE 7768,15,19,82,45,#998944,153,137,68
7a6c37,PANTONE 7769,23,29,87,58,#7A6C37,122,108,55
63583a,PANTONE 7770,32,37,75,68,#63583A,99,88,58
524b2b,PANTONE 7771,35,38,86,77,#524B2B,82,75,43
383624,PANTONE Black 2,39,43,80,91,#383624,56,54,36
262d26,PANTONE Black 3,67,44,67,95,#262D26,38,45,38
383127,PANTONE Black 4,41,57,72,90,#383127,56,49,39
423238,PANTONE Black 5,42,69,37,85,#423238,66,50,56
20272c,PANTONE Black 6,100,79,44,93,#20272C,32,39,44
363432,PANTONE Black 7,38,35,33,92,#363432,54,52,50
2f2c27,PANTONE Black,63,62,59,94,#2F2C27,47,44,39
2f408e,PANTONE Blue 072,100,95,0,3,#2F408E,47,64,142
ddddda,PANTONE Cool Gray 1,4,2,4,8,#DDDDDA,221,221,218
d6d6d2,PANTONE Cool Gray 2,5,3,5,11,#D6D6D2,214,214,210
cacac7,PANTONE Cool Gray 3,8,5,7,16,#CACAC7,202,202,199
b9b9b7,PANTONE Cool Gray 4,12,8,9,23,#B9B9B7,185,185,183
aeaeae,PANTONE Cool Gray 6,16,11,11,27,#AEAEAE,174,174,174
99999b,PANTONE Cool Gray 7,20,14,12,40,#99999B,153,153,155
8f9092,PANTONE Cool Gray 8,23,16,13,46,#8F9092,143,144,146
7a7b7e,PANTONE Cool Gray 9,30,22,17,57,#7A7B7E,122,123,126
66676c,PANTONE Cool Gray 10,40,30,20,66,#66676C,102,103,108
55565b,PANTONE Cool Gray 11,44,34,22,77,#55565B,85,86,91
00a079,PANTONE Green,93,0,63,0,#00A079,0,160,121
e5801c,PANTONE Orange 021,0,65,100,0,#E5801C,229,128,28
008bcc,PANTONE Process Blue,100,13,1,2,#008BCC,0,139,204
a3428f,PANTONE Purple,40,90,0,0,#A3428F,163,66,143
dd5354,PANTONE Red 032,0,86,63,0,#DD5354,221,83,84
263f8c,PANTONE Reflex Blue,100,89,0,0,#263F8C,38,63,140
cb4891,PANTONE Rhodamine Red,9,87,0,0,#CB4891,203,72,145
d12368,PANTONE Rubine Red,0,100,22,3,#D12368,209,35,104
4a3687,PANTONE Violet,90,99,0,0,#4A3687,74,54,135
dbd8d1,PANTONE Warm Gray 1,3,3,6,7,#DBD8D1,219,216,209
cec7bf,PANTONE Warm Gray 2,6,7,10,11,#CEC7BF,206,199,191
bcb4ac,PANTONE Warm Gray 3,9,11,13,20,#BCB4AC,188,180,172
b1aaa2,PANTONE Warm Gray 4,11,13,15,27,#B1AAA2,177,170,162
aca59c,PANTONE Warm Gray 5,11,13,16,32,#ACA59C,172,165,156
a2988f,PANTONE Warm Gray 6,14,19,21,39,#A2988F,162,152,143
998c85,PANTONE Warm Gray 7,16,23,23,44,#998C85,153,140,133
90857b,PANTONE Warm Gray 8,17,24,25,49,#90857B,144,133,123
877a6e,PANTONE Warm Gray 9,23,32,34,51,#877A6E,135,122,110
776a60,PANTONE Warm Gray 10,24,34,35,60,#776A60,119,106,96
6c6054,PANTONE Warm Gray 11,26,36,38,68,#6C6054,108,96,84
de5a4a,PANTONE Warm Red,0,83,80,0,#DE5A4A,222,90,74
fde100,PANTONE Yellow,0,1,100,0,#FDE100,253,225,0
